Coleção;SKU;Categoria;Cor;Comprado;Faturado;Vendido jan-jun;Sobra
INVERNO COLEÇÃO 2;A.50045.0016.0001;NECESSAIRE;NEW COCOA;25;25;0;25
INVERNO COLEÇÃO 2;A.13198.0007.0014;SANDÁLIA SALTO RASTEIRO;PASSION RED;16;16;4;12
INVERNO COLEÇÃO 2;A.13198.0007.0009;SANDÁLIA SALTO RASTEIRO;PRETO;12;12;2;10
INVERNO COLEÇÃO 2;A.12016.0265.0004;SANDÁLIA SALTO RASTEIRO;TRUE SAND;12;12;2;10
INVERNO COLEÇÃO 2;A.04599.0214.0006;FECHADO SALTO RASTEIRO;PRETO;12;12;3;9
INVERNO COLEÇÃO 2;A.02695.0708.0005;SANDÁLIA SALTO MÉDIO;FRESH RUBY;12;12;3;9
INVERNO COLEÇÃO 2;A.12417.0001.0026;FECHADO SALTO BAIXO;STRACCI;12;12;3;9
INVERNO COLEÇÃO 2;A.03199.0246.0025;SANDÁLIA SALTO BAIXO;PANACOTA;12;12;3;9
INVERNO COLEÇÃO 2;A.14141.0001.0002;SANDÁLIA SALTO MÉDIO;BUTTER YELLOW;9;9;0;9
INVERNO COLEÇÃO 2;A.13901.0003.0033;SANDÁLIA SALTO BAIXO;PASSION RED;9;9;0;9
INVERNO COLEÇÃO 2;A.14111.0004.0006;SANDÁLIA SALTO MÉDIO;FRESH RUBY;9;9;0;9
INVERNO COLEÇÃO 2;A.12754.0001.0003;FECHADO SALTO ALTO;PRETO;9;9;0;9
INVERNO COLEÇÃO 2;A.12743.0009.0007;FECHADO SALTO BAIXO;SOUL NATURAL;9;9;0;9
INVERNO COLEÇÃO 2;A.10253.0436.0022;FECHADO SALTO MÉDIO;SOUL NATURAL;9;9;0;9
INVERNO COLEÇÃO 2;A.11906.0097.0053;FECHADO SALTO RASTEIRO;PRETO;9;9;0;9
INVERNO COLEÇÃO 2;A.11336.0001.0011;SANDÁLIA SALTO MÉDIO;PRETO;9;9;0;9
INVERNO COLEÇÃO 2;A.10253.0436.0002;FECHADO SALTO MÉDIO;PRETO;9;9;0;9
INVERNO COLEÇÃO 2;A.01648.6418.0002;SANDÁLIA SALTO RASTEIRO;TRUE SAND;12;12;4;8
INVERNO COLEÇÃO 2;A.01648.6418.0004;SANDÁLIA SALTO RASTEIRO;PRETO;12;12;4;8
INVERNO COLEÇÃO 2;A.12417.0001.0027;FECHADO SALTO BAIXO;PRETO;12;12;4;8
INVERNO COLEÇÃO 2;A.13029.0164.0003;FECHADO SALTO RASTEIRO;PASSION RED;9;9;1;8
INVERNO COLEÇÃO 2;A.13219.0068.0002;FECHADO SALTO RASTEIRO;PRETO;9;9;1;8
INVERNO COLEÇÃO 2;A.13941.0011.0002;SANDÁLIA SALTO BAIXO;PRETO;8;8;0;8
INVERNO COLEÇÃO 2;A.12030.0001.0089;FECHADO SALTO RASTEIRO;FRESH RUBY;8;8;0;8
INVERNO COLEÇÃO 2;A.11906.0097.0072;FECHADO SALTO RASTEIRO;PASSION RED;8;8;0;8
INVERNO COLEÇÃO 2;A.14060.0006.0001;FECHADO SALTO RASTEIRO;PRETO;8;8;0;8
INVERNO COLEÇÃO 2;A.14111.0001.0005;SANDÁLIA SALTO MÉDIO;FRESH RUBY;8;8;0;8
INVERNO COLEÇÃO 2;A.11906.0097.0070;FECHADO SALTO RASTEIRO;TRUE SAND;8;8;0;8
INVERNO COLEÇÃO 2;A.13555.0127.0003;SANDÁLIA SALTO RASTEIRO;PRETO;8;8;0;8
INVERNO COLEÇÃO 2;A.13855.0020.0003;FECHADO SALTO BAIXO;SOUL NATURAL/HOT MAGENTA;8;8;0;8
INVERNO COLEÇÃO 2;A.14060.0008.0005;FECHADO SALTO RASTEIRO;PRETO;8;8;0;8
INVERNO COLEÇÃO 2;A.02695.0708.0006;SANDÁLIA SALTO MÉDIO;PRETO;12;12;5;7
INVERNO COLEÇÃO 2;A.03762.6723.0985;FECHADO SALTO RASTEIRO;TOPO GREY;12;12;5;7
INVERNO COLEÇÃO 2;A.13873.0020.0001;FECHADO SALTO RASTEIRO;SOUL NATURAL;12;12;5;7
INVERNO COLEÇÃO 2;A.02695.0708.0007;SANDÁLIA SALTO MÉDIO;PLATINO;12;12;5;7
INVERNO COLEÇÃO 2;A.10253.0477.0001;FECHADO SALTO MÉDIO;NATURAL/PRETO;9;9;2;7
INVERNO COLEÇÃO 2;A.14121.0002.0001;BOTA SALTO MÉDIO;PRETO;9;9;2;7
INVERNO COLEÇÃO 2;A.02405.6123.0074;SANDÁLIA SALTO BAIXO;PANACOTA;9;9;2;7
INVERNO COLEÇÃO 2;A.10253.0001.0338;FECHADO SALTO MÉDIO;CIOCCOLATO;9;9;2;7
INVERNO COLEÇÃO 2;A.11904.0084.0032;FECHADO SALTO BAIXO;TOPO GREY;9;9;2;7
INVERNO COLEÇÃO 2;A.13701.0024.0005;FECHADO SALTO ALTO;PRETO;9;9;2;7
INVERNO COLEÇÃO 2;A.13873.0017.0003;FECHADO SALTO RASTEIRO;CIOCCOLATO;9;9;2;7
INVERNO COLEÇÃO 2;A.13761.0006.0002;BOTA SALTO BAIXO;SOUL NATURAL;9;9;2;7
INVERNO COLEÇÃO 2;A.13754.0008.0004;FECHADO SALTO MÉDIO;PRETO;8;8;1;7
INVERNO COLEÇÃO 2;A.14060.0006.0002;FECHADO SALTO RASTEIRO;NATURAL/PRETO;8;8;1;7
INVERNO COLEÇÃO 2;A.04599.0214.0032;FECHADO SALTO RASTEIRO;CIOCCOLATO;8;8;1;7
INVERNO COLEÇÃO 2;A.13855.0020.0001;FECHADO SALTO BAIXO;DARK BORDO/RUST EMBER;8;8;1;7
INVERNO COLEÇÃO 2;A.13871.0007.0001;SANDÁLIA SALTO BAIXO;SOUL NATURAL;8;8;1;7
INVERNO COLEÇÃO 2;A.13941.0011.0001;SANDÁLIA SALTO BAIXO;CIOCCOLATO;8;8;1;7
INVERNO COLEÇÃO 2;A.14011.0002.0002;FECHADO SALTO RASTEIRO;NEW COCOA;8;8;1;7
INVERNO COLEÇÃO 2;A.13977.0018.0005;SANDÁLIA SALTO RASTEIRO;FRESH RUBY;8;8;1;7
INVERNO COLEÇÃO 2;A.14126.0001.0003;SANDÁLIA SALTO MÉDIO;PASSION RED;8;8;1;7
INVERNO COLEÇÃO 2;A.13569.0093.0003;SANDÁLIA SALTO RASTEIRO;PRETO;8;8;1;7
INVERNO COLEÇÃO 2;A.13239.0028.0005;FECHADO SALTO RASTEIRO;PLATINO;8;8;1;7
INVERNO COLEÇÃO 2;A.03274.0012.0182;SANDÁLIA SALTO RASTEIRO;TRUE SAND;12;12;6;6
INVERNO COLEÇÃO 2;A.13219.0068.0001;FECHADO SALTO RASTEIRO;FRESH RUBY;12;12;6;6
INVERNO COLEÇÃO 2;A.02695.0708.0004;SANDÁLIA SALTO MÉDIO;TRUE SAND;12;12;6;6
INVERNO COLEÇÃO 2;A.10176.1121.0025;SANDÁLIA SALTO RASTEIRO;PRETO;12;12;6;6
INVERNO COLEÇÃO 2;A.13029.0164.0001;FECHADO SALTO RASTEIRO;PRETO;9;9;3;6
INVERNO COLEÇÃO 2;A.02695.0726.0002;SANDÁLIA SALTO MÉDIO;SILVER;9;9;3;6
INVERNO COLEÇÃO 2;A.10253.0001.0319;FECHADO SALTO MÉDIO;FRESH RUBY;9;9;3;6
INVERNO COLEÇÃO 2;A.14111.0004.0001;SANDÁLIA SALTO MÉDIO;PRETO;9;9;3;6
INVERNO COLEÇÃO 2;A.11879.0001.0012;BOTA SALTO MÉDIO;SOUL NATURAL;9;9;3;6
INVERNO COLEÇÃO 2;A.11904.0084.0034;FECHADO SALTO BAIXO;FRESH RUBY;9;9;3;6
INVERNO COLEÇÃO 2;A.02695.0727.0003;SANDÁLIA SALTO MÉDIO;PRETO;9;9;3;6
INVERNO COLEÇÃO 2;A.13901.0040.0002;SANDÁLIA SALTO BAIXO;PANACOTA;9;9;3;6
INVERNO COLEÇÃO 2;A.14121.0002.0002;BOTA SALTO MÉDIO;CIOCCOLATO;9;9;3;6
INVERNO COLEÇÃO 2;A.13239.0028.0008;FECHADO SALTO RASTEIRO;PASSION RED;8;8;2;6
INVERNO COLEÇÃO 2;A.02695.0636.0019;SANDÁLIA SALTO MÉDIO;PASSION RED;8;8;2;6
INVERNO COLEÇÃO 2;A.13569.0085.0003;SANDÁLIA SALTO RASTEIRO;PRETO;8;8;2;6
INVERNO COLEÇÃO 2;A.13720.0005.0004;BOTA SALTO ALTO;PRETO;8;8;2;6
INVERNO COLEÇÃO 2;A.13751.0006.0001;BOTA SALTO BAIXO;PRETO;8;8;2;6
INVERNO COLEÇÃO 2;A.13427.0046.0002;SANDÁLIA SALTO MÉDIO;SOUL NATURAL;8;8;2;6
INVERNO COLEÇÃO 2;A.02405.6123.0075;SANDÁLIA SALTO BAIXO;PLATINO;8;8;2;6
INVERNO COLEÇÃO 2;A.13569.0093.0001;SANDÁLIA SALTO RASTEIRO;SOUL NATURAL;8;8;2;6
INVERNO COLEÇÃO 2;A.14011.0002.0004;FECHADO SALTO RASTEIRO;PRETO;8;8;2;6
INVERNO COLEÇÃO 2;A.13117.0030.0003;FECHADO SALTO RASTEIRO;PRETO;8;8;2;6
INVERNO COLEÇÃO 2;A.11336.0001.0015;SANDÁLIA SALTO MÉDIO;TRUE SAND;6;6;0;6
INVERNO COLEÇÃO 2;A.13873.0020.0002;FECHADO SALTO RASTEIRO;PRETO;9;9;4;5
INVERNO COLEÇÃO 2;A.13901.0040.0001;SANDÁLIA SALTO BAIXO;PLATINO/SILVER;9;9;4;5
INVERNO COLEÇÃO 2;A.03274.0012.0174;SANDÁLIA SALTO RASTEIRO;PRETO;9;9;4;5
INVERNO COLEÇÃO 2;A.13564.0025.0006;SANDÁLIA SALTO ALTO;PRETO;9;9;4;5
INVERNO COLEÇÃO 2;A.10253.0001.0337;FECHADO SALTO MÉDIO;TOPO GREY;9;9;4;5
INVERNO COLEÇÃO 2;A.13901.0037.0002;SANDÁLIA SALTO BAIXO;PLATINO;9;9;4;5
INVERNO COLEÇÃO 2;A.11906.0097.0075;FECHADO SALTO RASTEIRO;TOPO GREY;8;8;3;5
INVERNO COLEÇÃO 2;A.14126.0001.0004;SANDÁLIA SALTO MÉDIO;PANACOTA;8;8;3;5
INVERNO COLEÇÃO 2;A.13157.0001.0027;SANDÁLIA SALTO RASTEIRO;PRETO;8;8;3;5
INVERNO COLEÇÃO 2;A.13239.0028.0001;FECHADO SALTO RASTEIRO;PRETO;8;8;3;5
INVERNO COLEÇÃO 2;A.14135.0001.0004;SANDÁLIA SALTO MÉDIO;PLATINO;8;8;3;5
INVERNO COLEÇÃO 2;A.12754.0001.0051;FECHADO SALTO ALTO;CIOCCOLATO;8;8;3;5
INVERNO COLEÇÃO 2;A.13239.0028.0004;FECHADO SALTO RASTEIRO;SOUL NATURAL;8;8;3;5
INVERNO COLEÇÃO 2;A.13977.0018.0004;SANDÁLIA SALTO RASTEIRO;TOPO GREY;8;8;3;5
INVERNO COLEÇÃO 2;A.02695.0636.0018;SANDÁLIA SALTO MÉDIO;TOPO GREY;8;8;3;5
INVERNO COLEÇÃO 2;A.13427.0046.0001;SANDÁLIA SALTO MÉDIO;TOPO GREY;8;8;3;5
INVERNO COLEÇÃO 2;A.13029.0161.0001;FECHADO SALTO RASTEIRO;PRETO;8;8;3;5
INVERNO COLEÇÃO 2;A.14141.0002.0001;SANDÁLIA SALTO MÉDIO;NATURAL;8;8;3;5
INVERNO COLEÇÃO 2;A.13808.0005.0001;FECHADO SALTO BAIXO;NATURAL;8;8;3;5
INVERNO COLEÇÃO 2;A.43000.0555.0009;FINO;SOUL NATURAL;8;8;3;5
INVERNO COLEÇÃO 2;A.12663.0192.0003;SANDÁLIA SALTO ALTO;SOUL NATURAL;7;7;2;5
INVERNO COLEÇÃO 2;A.12930.0093.0002;FECHADO SALTO MÉDIO;STRACCI;6;6;1;5
INVERNO COLEÇÃO 2;A.14024.0005.0001;SANDÁLIA SALTO BAIXO;PRETO;6;6;1;5
INVERNO COLEÇÃO 2;A.12930.0093.0003;FECHADO SALTO MÉDIO;PRETO;6;6;1;5
INVERNO COLEÇÃO 2;A.13876.0003.0003;FECHADO SALTO RASTEIRO;PRETO;6;6;1;5
INVERNO COLEÇÃO 2;A.13734.0004.0006;BOTA SALTO BAIXO;SOUL NATURAL;6;6;1;5
INVERNO COLEÇÃO 2;A.14148.0001.0001;SANDÁLIA SALTO MÉDIO;PRETO;6;6;1;5
INVERNO COLEÇÃO 2;A.13876.0003.0001;FECHADO SALTO RASTEIRO;SOUL NATURAL;6;6;1;5
INVERNO COLEÇÃO 2;A.14135.0001.0002;SANDÁLIA SALTO MÉDIO;DEEP LAGOON;6;6;1;5
INVERNO COLEÇÃO 2;A.14148.0001.0004;SANDÁLIA SALTO MÉDIO;PLATINO;6;6;1;5
INVERNO COLEÇÃO 2;A.43000.0559.0002;FINO;PRETO;6;6;1;5
INVERNO COLEÇÃO 2;A.43000.0559.0010;FINO;DARK BORDO;6;6;1;5
INVERNO COLEÇÃO 2;A.02695.0727.0002;SANDÁLIA SALTO MÉDIO;NEW COCOA;12;12;8;4
INVERNO COLEÇÃO 2;A.12754.0176.0002;FECHADO SALTO ALTO;SOUL NATURAL;9;9;5;4
INVERNO COLEÇÃO 2;A.04485.4222.0004;SANDÁLIA SALTO RASTEIRO;PRETO;9;9;5;4
INVERNO COLEÇÃO 2;A.10055.1303.0002;SANDÁLIA SALTO MÉDIO;PLATINO;9;9;5;4
INVERNO COLEÇÃO 2;A.14141.0001.0003;SANDÁLIA SALTO MÉDIO;PRETO;9;9;5;4
INVERNO COLEÇÃO 2;A.04485.4222.0003;SANDÁLIA SALTO RASTEIRO;TRUE SAND;9;9;5;4
INVERNO COLEÇÃO 2;A.13901.0037.0004;SANDÁLIA SALTO BAIXO;PRETO;9;9;5;4
INVERNO COLEÇÃO 2;A.14142.0001.0002;BOTA SALTO MÉDIO;CIOCCOLATO;9;9;5;4
INVERNO COLEÇÃO 2;A.13832.0007.0001;SANDÁLIA SALTO BAIXO;SOUL NATURAL;9;9;5;4
INVERNO COLEÇÃO 2;A.12016.0265.0006;SANDÁLIA SALTO RASTEIRO;PRETO;9;9;5;4
INVERNO COLEÇÃO 2;A.13832.0007.0007;SANDÁLIA SALTO BAIXO;TOPO GREY;9;9;5;4
INVERNO COLEÇÃO 2;A.13901.0003.0034;SANDÁLIA SALTO BAIXO;NEW COCOA;9;9;5;4
INVERNO COLEÇÃO 2;A.11904.0084.0035;FECHADO SALTO BAIXO;CIOCCOLATO;9;9;5;4
INVERNO COLEÇÃO 2;A.13555.0125.0004;SANDÁLIA SALTO RASTEIRO;NATURAL;9;9;5;4
INVERNO COLEÇÃO 2;A.13808.0003.0008;FECHADO SALTO BAIXO;PRETO;9;9;5;4
INVERNO COLEÇÃO 2;A.12816.0007.0001;BOTA SALTO BAIXO;PRETO;8;8;4;4
INVERNO COLEÇÃO 2;A.13029.0161.0003;FECHADO SALTO RASTEIRO;SOUL NATURAL;8;8;4;4
INVERNO COLEÇÃO 2;A.14111.0001.0001;SANDÁLIA SALTO MÉDIO;PRETO;8;8;4;4
INVERNO COLEÇÃO 2;A.11843.0028.0001;BOTA SALTO BAIXO;PRETO;8;8;4;4
INVERNO COLEÇÃO 2;A.13555.0126.0004;SANDÁLIA SALTO RASTEIRO;PRETO;8;8;4;4
INVERNO COLEÇÃO 2;A.13569.0085.0001;SANDÁLIA SALTO RASTEIRO;SOUL NATURAL;8;8;4;4
INVERNO COLEÇÃO 2;A.13754.0008.0003;FECHADO SALTO MÉDIO;CIOCCOLATO;8;8;4;4
INVERNO COLEÇÃO 2;A.13157.0001.0044;SANDÁLIA SALTO RASTEIRO;TOPO GREY;8;8;4;4
INVERNO COLEÇÃO 2;A.13555.0127.0001;SANDÁLIA SALTO RASTEIRO;SOUL NATURAL;8;8;4;4
INVERNO COLEÇÃO 2;A.03762.6723.0986;FECHADO SALTO RASTEIRO;PASSION RED;8;8;4;4
INVERNO COLEÇÃO 2;A.04661.0013.0021;BOTA SALTO ALTO;SOUL NATURAL;8;8;4;4
INVERNO COLEÇÃO 2;A.11037.0254.0001;SANDÁLIA SALTO ALTO;PRETO;7;7;3;4
INVERNO COLEÇÃO 2;A.11173.0059.0004;BOTA SALTO BAIXO;PRETO;6;6;2;4
INVERNO COLEÇÃO 2;A.13897.0009.0003;SANDÁLIA SALTO ALTO;PRETO;6;6;2;4
INVERNO COLEÇÃO 2;A.14039.0004.0001;SANDÁLIA SALTO ALTO;PRETO/NEW COCOA;6;6;2;4
INVERNO COLEÇÃO 2;A.14148.0001.0002;SANDÁLIA SALTO MÉDIO;TRUE SAND;6;6;2;4
INVERNO COLEÇÃO 2;A.13291.0006.0001;BOTA SALTO MÉDIO;PRETO;6;6;2;4
INVERNO COLEÇÃO 2;A.14039.0004.0002;SANDÁLIA SALTO ALTO;SOUL NATURAL/STRACCI;6;6;2;4
INVERNO COLEÇÃO 2;A.14123.0002.0003;BOTA SALTO BAIXO;PRETO;6;6;2;4
INVERNO COLEÇÃO 2;A.14121.0003.0002;FECHADO SALTO MÉDIO;CIOCCOLATO;6;6;2;4
INVERNO COLEÇÃO 2;A.13854.0011.0001;FECHADO SALTO ALTO;SOUL NATURAL;6;6;2;4
INVERNO COLEÇÃO 2;A.13873.0017.0002;FECHADO SALTO RASTEIRO;STRACCI;6;6;2;4
INVERNO COLEÇÃO 2;A.13871.0007.0003;SANDÁLIA SALTO BAIXO;PASSION RED;6;6;2;4
INVERNO COLEÇÃO 2;A.03274.0151.0006;SANDÁLIA SALTO RASTEIRO;PLATINO;16;16;13;3
INVERNO COLEÇÃO 2;A.14142.0001.0001;BOTA SALTO MÉDIO;PRETO;9;9;6;3
INVERNO COLEÇÃO 2;A.13029.0164.0002;FECHADO SALTO RASTEIRO;NEW COCOA;9;9;6;3
INVERNO COLEÇÃO 2;A.02695.0726.0001;SANDÁLIA SALTO MÉDIO;PLATINO;9;9;6;3
INVERNO COLEÇÃO 2;A.11964.0007.0001;BOTA SALTO ALTO;PRETO;9;9;6;3
INVERNO COLEÇÃO 2;A.03274.0012.0244;SANDÁLIA SALTO RASTEIRO;FRESH RUBY;9;9;6;3
INVERNO COLEÇÃO 2;A.13457.0047.0001;FECHADO SALTO RASTEIRO;PRETO;9;9;6;3
INVERNO COLEÇÃO 2;A.13555.0125.0006;SANDÁLIA SALTO RASTEIRO;SOUL NATURAL;9;9;6;3
INVERNO COLEÇÃO 2;A.14146.0001.0002;FECHADO SALTO MÉDIO;PRETO;9;9;6;3
INVERNO COLEÇÃO 2;A.13808.0004.0001;FECHADO SALTO BAIXO;PASSION RED;9;9;6;3
INVERNO COLEÇÃO 2;A.10055.1303.0005;SANDÁLIA SALTO MÉDIO;TRUE SAND;9;9;6;3
INVERNO COLEÇÃO 2;A.12804.0052.0001;FECHADO SALTO RASTEIRO;CREMA WHITE;8;8;5;3
INVERNO COLEÇÃO 2;A.13757.0007.0004;FECHADO SALTO MÉDIO;PRETO;8;8;5;3
INVERNO COLEÇÃO 2;A.13555.0126.0002;SANDÁLIA SALTO RASTEIRO;SOUL NATURAL;8;8;5;3
INVERNO COLEÇÃO 2;A.13854.0011.0003;FECHADO SALTO ALTO;TOPO GREY;6;6;3;3
INVERNO COLEÇÃO 2;A.13855.0019.0001;FECHADO SALTO BAIXO;SOUL NATURAL;6;6;3;3
INVERNO COLEÇÃO 2;A.04599.0214.0028;FECHADO SALTO RASTEIRO;TRUE SAND;6;6;3;3
INVERNO COLEÇÃO 2;A.11173.0059.0002;BOTA SALTO BAIXO;SOUL NATURAL;6;6;3;3
INVERNO COLEÇÃO 2;A.14121.0003.0001;FECHADO SALTO MÉDIO;PRETO;6;6;3;3
INVERNO COLEÇÃO 2;A.14146.0003.0001;FECHADO SALTO MÉDIO;NATURAL;6;6;3;3
INVERNO COLEÇÃO 2;A.43000.0559.0009;FINO;SOUL NATURAL;6;6;3;3
INVERNO COLEÇÃO 2;A.13754.0008.0005;FECHADO SALTO MÉDIO;TRUE SAND;6;6;3;3
INVERNO COLEÇÃO 2;A.12663.0192.0002;SANDÁLIA SALTO ALTO;DEEP LAGOON;4;4;1;3
INVERNO COLEÇÃO 2;A.40011.0088.0047;NEUTRAL MÉDIA;PASSION RED;3;3;0;3
INVERNO COLEÇÃO 2;A.13855.0019.0005;FECHADO SALTO BAIXO;TRUE SAND;9;9;7;2
INVERNO COLEÇÃO 2;A.13457.0047.0002;FECHADO SALTO RASTEIRO;SOUL NATURAL;9;9;7;2
INVERNO COLEÇÃO 2;A.13897.0009.0001;SANDÁLIA SALTO ALTO;SOUL NATURAL;9;9;7;2
INVERNO COLEÇÃO 2;A.11964.0007.0006;BOTA SALTO ALTO;NEW COCOA;9;9;7;2
INVERNO COLEÇÃO 2;A.13642.0095.0001;SANDÁLIA SALTO RASTEIRO;PLATINO/SILVER;9;9;7;2
INVERNO COLEÇÃO 2;A.13761.0003.0003;BOTA SALTO BAIXO;PRETO;9;9;7;2
INVERNO COLEÇÃO 2;A.12030.0001.0126;FECHADO SALTO RASTEIRO;TOPO GREY;8;8;6;2
INVERNO COLEÇÃO 2;A.13157.0001.0046;SANDÁLIA SALTO RASTEIRO;CIOCCOLATO;8;8;6;2
INVERNO COLEÇÃO 2;A.10055.1303.0004;SANDÁLIA SALTO MÉDIO;PRETO;8;8;6;2
INVERNO COLEÇÃO 2;A.13564.0025.0007;SANDÁLIA SALTO ALTO;DARK BORDO;8;8;6;2
INVERNO COLEÇÃO 2;A.13198.0007.0013;SANDÁLIA SALTO RASTEIRO;CIOCCOLATO;8;8;6;2
INVERNO COLEÇÃO 2;A.11037.0254.0002;SANDÁLIA SALTO ALTO;NEW COCOA;7;7;5;2
INVERNO COLEÇÃO 2;A.13791.0016.0001;SANDÁLIA SALTO ALTO;CIOCCOLATO;6;6;4;2
INVERNO COLEÇÃO 2;A.14122.0002.0001;BOTA SALTO MÉDIO;CIOCCOLATO;6;6;4;2
INVERNO COLEÇÃO 2;A.14144.0001.0002;FECHADO SALTO MÉDIO;PRETO;6;6;4;2
INVERNO COLEÇÃO 2;A.43000.0674.0007;FINO;NEW COCOA;6;6;4;2
INVERNO COLEÇÃO 2;A.12663.0192.0001;SANDÁLIA SALTO ALTO;PRETO;4;4;2;2
INVERNO COLEÇÃO 2;A.43000.0677.0004;LARGO;TOPO GREY;3;3;1;2
INVERNO COLEÇÃO 2;A.50014.0299.0128;GRANDE;SOUL NATURAL/SOUL NATURAL;2;2;0;2
INVERNO COLEÇÃO 2;A.50045.0014.0003;PEQUENA;WARM CARAMEL;2;2;0;2
INVERNO COLEÇÃO 2;A.50029.0264.0001;PEQUENA;PRETO;2;2;0;2
INVERNO COLEÇÃO 2;A.40011.1083.0001;NEUTRAL GRANDE;TERROSO/WARM CARAMEL;2;2;0;2
INVERNO COLEÇÃO 2;A.40011.0087.0035;NEUTRAL GRANDE;PASSION RED;2;2;0;2
INVERNO COLEÇÃO 2;A.40011.0088.0049;NEUTRAL MÉDIA;NEW COCOA;2;2;0;2
INVERNO COLEÇÃO 2;A.40011.1083.0002;NEUTRAL GRANDE;NATURAL/TAUPE BEIGE;2;2;0;2
INVERNO COLEÇÃO 2;A.50021.1068.0001;MÉDIA;PRETO;2;2;0;2
INVERNO COLEÇÃO 2;A.50021.1071.0002;MÉDIA;FRESH RUBY;2;2;0;2
INVERNO COLEÇÃO 2;A.50021.1073.0003;GRANDE;FRESH RUBY;2;2;0;2
INVERNO COLEÇÃO 2;A.50021.1073.0004;GRANDE;PRETO;2;2;0;2
INVERNO COLEÇÃO 2;A.58100.0498.0058;MÉDIA;TRUE SAND/TRUE SAND;2;2;0;2
INVERNO COLEÇÃO 2;A.50014.0738.0003;PEQUENA;PASSION RED;2;2;0;2
INVERNO COLEÇÃO 2;A.50021.1071.0001;MÉDIA;SOUL NATURAL;2;2;0;2
INVERNO COLEÇÃO 2;A.58100.0586.0018;GRANDE;TOPO GREY/TOPO GREY/TOPO GREY;2;2;0;2
INVERNO COLEÇÃO 2;A.50016.0242.0098;GRANDE;FRESH RUBY;2;2;0;2
INVERNO COLEÇÃO 2;A.50021.0995.0006;MÉDIA;PRETO/PRETO;2;2;0;2
INVERNO COLEÇÃO 2;A.50023.0974.0002;GRANDE;CIOCCOLATO;2;2;0;2
INVERNO COLEÇÃO 2;A.58100.0569.0023;PEQUENA;SILVER;2;2;0;2
INVERNO COLEÇÃO 2;A.50021.1070.0002;GRANDE;FRESH RUBY;2;2;0;2
INVERNO COLEÇÃO 2;A.50021.1074.0005;PEQUENA;CIOCCOLATO;2;2;0;2
INVERNO COLEÇÃO 2;A.50021.1075.0002;GRANDE;SOUL NATURAL/SOUL NATURAL;2;2;0;2
INVERNO COLEÇÃO 2;A.50021.1074.0003;PEQUENA;FRESH RUBY;2;2;0;2
INVERNO COLEÇÃO 2;A.50011.0630.0029;GRANDE;PRETO;2;2;0;2
INVERNO COLEÇÃO 2;A.50011.2038.0001;GRANDE;PRETO/PRETO;2;2;0;2
INVERNO COLEÇÃO 2;A.50023.0930.0001;MÉDIA;PRETO;2;2;0;2
INVERNO COLEÇÃO 2;A.50023.0975.0003;MÉDIA;PRETO;2;2;0;2
INVERNO COLEÇÃO 2;A.50023.0975.0002;MÉDIA;CIOCCOLATO;2;2;0;2
INVERNO COLEÇÃO 2;A.58100.0499.0057;PEQUENA;TRUE SAND/TRUE SAND;2;2;0;2
INVERNO COLEÇÃO 2;A.58100.0569.0024;PEQUENA;PLATINO;2;2;0;2
INVERNO COLEÇÃO 2;A.58100.0588.0001;PEQUENA;PRETO;2;2;0;2
INVERNO COLEÇÃO 2;A.12016.0082.0094;SANDÁLIA SALTO RASTEIRO;TOPO GREY;9;9;8;1
INVERNO COLEÇÃO 2;A.13642.0095.0003;SANDÁLIA SALTO RASTEIRO;SOUL NATURAL;9;9;8;1
INVERNO COLEÇÃO 2;A.13757.0007.0003;FECHADO SALTO MÉDIO;CIOCCOLATO;9;9;8;1
INVERNO COLEÇÃO 2;A.13754.0003.0010;BOTA SALTO MÉDIO;SOUL NATURAL;9;9;8;1
INVERNO COLEÇÃO 2;A.13808.0004.0004;FECHADO SALTO BAIXO;NEW COCOA;9;9;8;1
INVERNO COLEÇÃO 2;A.13761.0006.0001;BOTA SALTO BAIXO;PRETO;9;9;8;1
INVERNO COLEÇÃO 2;A.14153.0001.0002;BOTA SALTO MÉDIO;NEW COCOA;8;8;7;1
INVERNO COLEÇÃO 2;A.13757.0007.0005;FECHADO SALTO MÉDIO;TRUE SAND;8;8;7;1
INVERNO COLEÇÃO 2;A.10055.0380.0059;SANDÁLIA SALTO MÉDIO;TRUE SAND;8;8;7;1
INVERNO COLEÇÃO 2;A.10055.1303.0001;SANDÁLIA SALTO MÉDIO;FRESH RUBY;8;8;7;1
INVERNO COLEÇÃO 2;A.14153.0001.0001;BOTA SALTO MÉDIO;PRETO;8;8;7;1
INVERNO COLEÇÃO 2;A.14000.0009.0001;SANDÁLIA SALTO ALTO;PRETO;7;7;6;1
INVERNO COLEÇÃO 2;A.14144.0001.0001;FECHADO SALTO MÉDIO;SOUL NATURAL;6;6;5;1
INVERNO COLEÇÃO 2;A.12754.0176.0003;FECHADO SALTO ALTO;PRETO;6;6;5;1
INVERNO COLEÇÃO 2;A.13855.0019.0002;FECHADO SALTO BAIXO;DARK BORDO;6;6;5;1
INVERNO COLEÇÃO 2;A.13754.0003.0001;BOTA SALTO MÉDIO;PRETO;6;6;5;1
INVERNO COLEÇÃO 2;A.50021.0639.0099;PEQUENA;PASSION RED;3;3;2;1
INVERNO COLEÇÃO 2;A.50021.0639.0001;PEQUENA;PRETO;3;3;2;1
INVERNO COLEÇÃO 2;A.50021.1089.0003;MÉDIA;SOUL NATURAL;2;2;1;1
INVERNO COLEÇÃO 2;A.50029.0307.0001;MÉDIA;PRETO;2;2;1;1
INVERNO COLEÇÃO 2;A.50029.0307.0002;MÉDIA;CACAU BROWN;2;2;1;1
INVERNO COLEÇÃO 2;A.57100.2615.0003;GRANDE;PANACOTA;2;2;1;1
INVERNO COLEÇÃO 2;A.50045.0011.0002;MÉDIA;WARM CARAMEL;2;2;1;1
INVERNO COLEÇÃO 2;A.50029.0217.0004;MÉDIA;CREAM BEIGE;2;2;1;1
INVERNO COLEÇÃO 2;A.50029.0342.0002;GRANDE;WARM CARAMEL;2;2;1;1
INVERNO COLEÇÃO 2;A.57100.2618.0002;GRANDE;TOPO GREY;2;2;1;1
INVERNO COLEÇÃO 2;A.50029.0258.0002;PEQUENA;ROAST CARAMEL;2;2;1;1
INVERNO COLEÇÃO 2;A.50029.0342.0003;GRANDE;CACAU BROWN;2;2;1;1
INVERNO COLEÇÃO 2;A.57100.2615.0002;GRANDE;WARM CARAMEL;2;2;1;1
INVERNO COLEÇÃO 2;A.50029.0342.0001;GRANDE;PRETO;2;2;1;1
INVERNO COLEÇÃO 2;A.40011.0087.0037;NEUTRAL GRANDE;NEW COCOA;2;2;1;1
INVERNO COLEÇÃO 2;A.50014.0300.0131;MÉDIA;SOUL NATURAL/SOUL NATURAL;2;2;1;1
INVERNO COLEÇÃO 2;A.50014.0737.0003;GRANDE;PASSION RED;2;2;1;1
INVERNO COLEÇÃO 2;A.50021.1070.0001;GRANDE;SOUL NATURAL;2;2;1;1
INVERNO COLEÇÃO 2;A.50023.0974.0003;GRANDE;PRETO;2;2;1;1
INVERNO COLEÇÃO 2;A.50044.0001.0001;PEQUENA;PRETO;2;2;1;1
INVERNO COLEÇÃO 2;A.50018.1304.0003;PEQUENA;NEW COCOA;2;2;1;1
INVERNO COLEÇÃO 2;A.50021.1072.0001;MÉDIA;SOUL NATURAL;2;2;1;1
INVERNO COLEÇÃO 2;A.50014.0747.0001;GRANDE;PRETO;2;2;1;1
INVERNO COLEÇÃO 2;A.50021.1022.0014;PEQUENA;PRETO/PRETO;2;2;1;1
INVERNO COLEÇÃO 2;A.58100.0588.0019;PEQUENA;TOPO GREY/TOPO GREY/TOPO GREY;2;2;1;1
INVERNO COLEÇÃO 2;A.50021.1022.0013;PEQUENA;SOUL NATURAL/SOUL NATURAL;2;2;1;1
INVERNO COLEÇÃO 2;A.50021.1072.0002;MÉDIA;FRESH RUBY;2;2;1;1
INVERNO COLEÇÃO 2;A.50044.0001.0018;PEQUENA;CIOCCOLATO/CIOCCOLATO;2;2;1;1
INVERNO COLEÇÃO 2;A.58100.0586.0001;GRANDE;PRETO;2;2;1;1
INVERNO COLEÇÃO 2;A.50021.1076.0003;PEQUENA;PRETO/PRETO;2;2;1;1
INVERNO COLEÇÃO 2;A.50011.2039.0001;PEQUENA;PRETO/PRETO;2;2;1;1
INVERNO COLEÇÃO 2;A.50021.1067.0001;GRANDE;PRETO;2;2;1;1
INVERNO COLEÇÃO 2;A.50023.0980.0004;GRANDE;MERLOT/MERLOT;2;2;1;1
INVERNO COLEÇÃO 2;A.50023.0986.0003;PEQUENA;TOPO GREY/TOPO GREY;2;2;1;1
INVERNO COLEÇÃO 2;A.58100.0569.0022;PEQUENA;PRETO;2;2;1;1
INVERNO COLEÇÃO 2;A.58100.0498.0050;MÉDIA;SOUL NATURAL;2;2;1;1
INVERNO COLEÇÃO 2;A.50021.1076.0002;PEQUENA;SOUL NATURAL/SOUL NATURAL;2;2;1;1
INVERNO COLEÇÃO 2;A.50023.0044.0157;PEQUENA;SOUL NATURAL;1;1;0;1
INVERNO COLEÇÃO 2;A.50023.0016.0171;MÉDIA;SOUL NATURAL;1;1;0;1
INVERNO COLEÇÃO 2;A.50024.0410.0018;GRANDE;TRUE SAND;1;1;0;1
INVERNO COLEÇÃO 2;A.50023.0044.0121;PEQUENA;PANACOTA;1;1;0;1
INVERNO COLEÇÃO 2;A.50014.0746.0002;MÉDIA;NEW COCOA/NEW COCOA;1;1;0;1
INVERNO COLEÇÃO 2;A.50021.1090.0002;MÉDIA;DEEP LAGOON;1;1;0;1
INVERNO COLEÇÃO 2;A.50024.0410.0019;GRANDE;CIOCCOLATO;1;1;0;1
INVERNO COLEÇÃO 2;A.50014.0743.0001;PEQUENA;PRETO;1;1;0;1
INVERNO COLEÇÃO 2;A.50018.1101.0021;PEQUENA;PLATINO;1;1;0;1
INVERNO COLEÇÃO 2;A.50018.1299.0002;PEQUENA;PRETO;1;1;0;1
INVERNO COLEÇÃO 2;A.50021.0643.0073;MÉDIA;PRETO;1;1;0;1
INVERNO COLEÇÃO 2;A.50021.1066.0001;PEQUENA;PRETO;1;1;0;1
INVERNO COLEÇÃO 2;A.50014.0743.0006;PEQUENA;CIOCCOLATO;1;1;0;1
INVERNO COLEÇÃO 2;A.50021.0929.0013;MÉDIA;FRESH RUBY;1;1;0;1
INVERNO COLEÇÃO 2;A.50021.0929.0015;MÉDIA;NEW COCOA;1;1;0;1
INVERNO COLEÇÃO 2;A.50021.1065.0001;GRANDE;PRETO;1;1;0;1
INVERNO COLEÇÃO 2;A.50021.1089.0002;MÉDIA;DEEP LAGOON;1;1;0;1
INVERNO COLEÇÃO 2;A.50015.2047.0002;MÉDIA;PANACOTA;1;1;0;1
INVERNO COLEÇÃO 2;A.50018.1101.0019;PEQUENA;PRETO;1;1;0;1
INVERNO COLEÇÃO 2;A.50018.1237.0006;MÉDIA;PRETO;1;1;0;1
INVERNO COLEÇÃO 2;A.50044.0009.0001;PEQUENA;PRETO;1;1;0;1
INVERNO COLEÇÃO 2;A.50018.1237.0011;MÉDIA;TRUE SAND;1;1;0;1
INVERNO COLEÇÃO 2;A.50018.1298.0002;MÉDIA;PRETO;1;1;0;1
INVERNO COLEÇÃO 2;A.50018.1304.0004;PEQUENA;TOPO GREY;1;1;0;1
INVERNO COLEÇÃO 2;A.50018.1307.0004;MÉDIA;TOPO GREY;1;1;0;1
INVERNO COLEÇÃO 2;A.50014.0299.0134;GRANDE;PRETO/PRETO;1;1;0;1
INVERNO COLEÇÃO 2;A.50014.0737.0005;GRANDE;NEW COCOA;1;1;0;1
INVERNO COLEÇÃO 2;A.50018.1307.0003;MÉDIA;NEW COCOA;1;1;0;1
INVERNO COLEÇÃO 2;A.50021.0644.0074;PEQUENA;PRETO;1;1;0;1
INVERNO COLEÇÃO 2;A.50023.0531.0133;MÉDIA;DARK BORDO;1;1;0;1
INVERNO COLEÇÃO 2;A.50014.0746.0001;MÉDIA;PRETO/PRETO;1;1;0;1
INVERNO COLEÇÃO 2;A.50015.2046.0002;GRANDE;PANACOTA;1;1;0;1
INVERNO COLEÇÃO 2;A.50018.0923.0012;MÉDIA;PRETO;1;1;0;1
INVERNO COLEÇÃO 2;A.50023.0533.0063;PEQUENA;TRUE SAND;1;1;0;1
INVERNO COLEÇÃO 2;A.50014.0748.0001;PEQUENA;PRETO;1;1;0;1
INVERNO COLEÇÃO 2;A.50015.2047.0001;MÉDIA;PRETO;1;1;0;1
INVERNO COLEÇÃO 2;A.50018.1101.0023;PEQUENA;NATURAL/PRETO;1;1;0;1
INVERNO COLEÇÃO 2;A.50018.1298.0001;MÉDIA;PANACOTA;1;1;0;1
INVERNO COLEÇÃO 2;A.50034.0078.0012;PEQUENA;SOUL NATURAL;1;1;0;1
INVERNO COLEÇÃO 2;A.03274.0151.0005;SANDÁLIA SALTO RASTEIRO;PRETO;16;16;16;0
INVERNO COLEÇÃO 2;A.10176.1121.0007;SANDÁLIA SALTO RASTEIRO;PLATINO/WARM CARAMEL;12;12;12;0
INVERNO COLEÇÃO 2;A.03274.0151.0008;SANDÁLIA SALTO RASTEIRO;FRESH RUBY;12;12;12;0
INVERNO COLEÇÃO 2;A.14146.0001.0003;FECHADO SALTO MÉDIO;FRESH RUBY;9;9;9;0
INVERNO COLEÇÃO 2;A.13701.0024.0001;FECHADO SALTO ALTO;NEW COCOA;9;9;9;0
INVERNO COLEÇÃO 2;A.12016.0265.0005;SANDÁLIA SALTO RASTEIRO;FRESH RUBY;9;9;9;0
INVERNO COLEÇÃO 2;A.13808.0004.0005;FECHADO SALTO BAIXO;PRETO;9;9;9;0
INVERNO COLEÇÃO 2;A.13761.0003.0004;BOTA SALTO BAIXO;SOUL NATURAL;8;8;8;0
INVERNO COLEÇÃO 2;A.02695.0636.0006;SANDÁLIA SALTO MÉDIO;PRETO;8;8;8;0
INVERNO COLEÇÃO 2;A.03199.0246.0038;SANDÁLIA SALTO BAIXO;SOUL NATURAL;8;8;8;0
INVERNO COLEÇÃO 2;A.13761.0006.0003;BOTA SALTO BAIXO;CIOCCOLATO;8;8;8;0
INVERNO COLEÇÃO 2;A.10055.0380.0001;SANDÁLIA SALTO MÉDIO;PRETO;6;6;6;0
INVERNO COLEÇÃO 2;A.10635.0010.0024;SANDÁLIA SALTO MÉDIO;SOUL NATURAL;6;6;6;0
INVERNO COLEÇÃO 2;A.12757.0115.0001;BOTA SALTO BAIXO;PRETO;6;6;6;0
INVERNO COLEÇÃO 2;A.13456.0017.0004;BOTA SALTO BAIXO;PRETO;6;6;6;0
INVERNO COLEÇÃO 2;A.50011.0723.0050;PEQUENA;CIOCCOLATO;3;3;3;0
INVERNO COLEÇÃO 2;A.57100.2618.0003;GRANDE;WARM CARAMEL;2;2;2;0
INVERNO COLEÇÃO 2;A.50029.0217.0001;MÉDIA;PRETO;2;2;2;0
INVERNO COLEÇÃO 2;A.50029.0305.0002;PEQUENA;PANACOTA;2;2;2;0
INVERNO COLEÇÃO 2;A.50045.0012.0002;PEQUENA;WARM CARAMEL;2;2;2;0
INVERNO COLEÇÃO 2;A.50029.0258.0001;PEQUENA;PRETO;2;2;2;0
INVERNO COLEÇÃO 2;A.50045.0010.0002;MÉDIA;WARM CARAMEL;2;2;2;0
INVERNO COLEÇÃO 2;A.50045.0013.0003;MÉDIA;WARM CARAMEL;2;2;2;0
INVERNO COLEÇÃO 2;A.57100.2615.0001;GRANDE;PRETO;2;2;2;0
INVERNO COLEÇÃO 2;A.57100.2618.0001;GRANDE;CACAU BROWN;2;2;2;0
INVERNO COLEÇÃO 2;A.50029.0305.0001;PEQUENA;PRETO;2;2;2;0
INVERNO COLEÇÃO 2;A.50045.0011.0001;MÉDIA;PRETO;2;2;2;0
INVERNO COLEÇÃO 2;A.50045.0014.0001;PEQUENA;PRETO;2;2;2;0
INVERNO COLEÇÃO 2;A.50045.0014.0002;PEQUENA;PANACOTA;2;2;2;0
INVERNO COLEÇÃO 2;A.50029.0264.0002;PEQUENA;ROAST CARAMEL;2;2;2;0
INVERNO COLEÇÃO 2;A.50045.0011.0003;MÉDIA;CACAU BROWN;2;2;2;0
INVERNO COLEÇÃO 2;A.50045.0012.0001;PEQUENA;PRETO;2;2;2;0
INVERNO COLEÇÃO 2;A.50045.0012.0003;PEQUENA;CACAU BROWN;2;2;2;0
INVERNO COLEÇÃO 2;A.50045.0010.0001;MÉDIA;PRETO;2;2;2;0
INVERNO COLEÇÃO 2;A.50045.0013.0001;MÉDIA;PRETO;2;2;2;0
INVERNO COLEÇÃO 2;A.50011.0631.0054;PEQUENA;NEW COCOA;2;2;2;0
INVERNO COLEÇÃO 2;A.50021.1069.0005;MÉDIA;CIOCCOLATO;2;2;2;0
INVERNO COLEÇÃO 2;A.50021.1077.0002;MÉDIA;PRETO;2;2;2;0
INVERNO COLEÇÃO 2;A.50023.0930.0006;MÉDIA;CIOCCOLATO/CIOCCOLATO;2;2;2;0
INVERNO COLEÇÃO 2;A.50023.0980.0003;GRANDE;ROAST CARAMEL/ROAST CARAMEL;2;2;2;0
INVERNO COLEÇÃO 2;A.50023.0985.0006;GRANDE;TOPO GREY/TOPO GREY;2;2;2;0
INVERNO COLEÇÃO 2;A.50021.1075.0003;GRANDE;PRETO/PRETO;2;2;2;0
INVERNO COLEÇÃO 2;A.50023.0980.0002;GRANDE;PRETO/PRETO;2;2;2;0
INVERNO COLEÇÃO 2;A.50016.0243.0099;MÉDIA;FRESH RUBY;2;2;2;0
INVERNO COLEÇÃO 2;A.50021.1068.0005;MÉDIA;CIOCCOLATO;2;2;2;0
INVERNO COLEÇÃO 2;A.50011.0630.0077;GRANDE;NEW COCOA;2;2;2;0
INVERNO COLEÇÃO 2;A.50023.0929.0006;GRANDE;CIOCCOLATO/CIOCCOLATO;2;2;2;0
INVERNO COLEÇÃO 2;A.50021.1077.0003;MÉDIA;SOUL NATURAL;2;2;2;0
INVERNO COLEÇÃO 2;A.58100.0498.0006;MÉDIA;PRETO;2;2;2;0
INVERNO COLEÇÃO 2;A.50023.0016.0134;MÉDIA;PANACOTA;1;1;1;0
INVERNO COLEÇÃO 2;A.50018.1306.0001;PEQUENA;STRACCI/PRETO;1;1;1;0
INVERNO COLEÇÃO 2;A.50021.1089.0001;MÉDIA;PRETO;1;1;1;0
INVERNO COLEÇÃO 2;A.50011.0631.0053;PEQUENA;TOPO GREY;1;1;1;0
INVERNO COLEÇÃO 2;A.50014.0738.0005;PEQUENA;NEW COCOA;1;1;1;0
INVERNO COLEÇÃO 2;A.50021.0643.0076;MÉDIA;PRETO;1;1;1;0
INVERNO COLEÇÃO 2;A.50021.0644.0077;PEQUENA;PRETO;1;1;1;0
INVERNO COLEÇÃO 2;A.50011.0630.0048;GRANDE;TOPO GREY;1;1;1;0
INVERNO COLEÇÃO 2;A.50014.0300.0137;MÉDIA;PRETO/PRETO;1;1;1;0
INVERNO COLEÇÃO 2;A.50015.2045.0003;PEQUENA;SOUL NATURAL;1;1;1;0
INVERNO COLEÇÃO 2;A.50021.1090.0003;MÉDIA;SOUL NATURAL;1;1;1;0
INVERNO COLEÇÃO 2;A.50023.0533.0138;PEQUENA;DARK BORDO;1;1;1;0
INVERNO COLEÇÃO 2;A.50023.0984.0001;PEQUENA;PRETO;1;1;1;0
INVERNO COLEÇÃO 2;A.50014.0745.0002;GRANDE;NEW COCOA/NEW COCOA;1;1;1;0
INVERNO COLEÇÃO 2;A.50018.1237.0007;MÉDIA;NEW COCOA;1;1;1;0
INVERNO COLEÇÃO 2;A.50011.2028.0003;PEQUENA;SOUL NATURAL;1;1;1;0
INVERNO COLEÇÃO 2;A.50014.0748.0004;PEQUENA;NEW COCOA;1;1;1;0
INVERNO COLEÇÃO 2;A.50018.1238.0011;PEQUENA;TRUE SAND;1;1;1;0
INVERNO COLEÇÃO 2;A.50018.1299.0001;PEQUENA;PANACOTA;1;1;1;0
INVERNO COLEÇÃO 2;A.50014.0745.0001;GRANDE;PRETO/PRETO;1;1;1;0
INVERNO COLEÇÃO 2;A.50014.0747.0004;GRANDE;NEW COCOA;1;1;1;0
INVERNO COLEÇÃO 2;A.50015.2045.0001;PEQUENA;PRETO;1;1;1;0
INVERNO COLEÇÃO 2;A.50023.0531.0060;MÉDIA;TRUE SAND;1;1;1;0
INVERNO COLEÇÃO 2;A.50044.0009.0003;PEQUENA;SOUL NATURAL;1;1;1;0
INVERNO COLEÇÃO 2;A.50015.2046.0001;GRANDE;PRETO;1;1;1;0
INVERNO COLEÇÃO 2;A.50018.1238.0007;PEQUENA;NEW COCOA;1;1;1;0
INVERNO COLEÇÃO 2;A.50018.1298.0004;MÉDIA;SOUL NATURAL;1;1;1;0
INVERNO COLEÇÃO 2;A.50023.0984.0003;PEQUENA;NEW COCOA;1;1;1;0
INVERNO COLEÇÃO 2;A.50011.2027.0003;GRANDE;SOUL NATURAL;1;1;1;0
INVERNO COLEÇÃO 2;A.50015.2045.0002;PEQUENA;PANACOTA;1;1;1;0
INVERNO COLEÇÃO 2;A.50018.1238.0006;PEQUENA;PRETO;1;1;1;0
INVERNO COLEÇÃO 2;A.50018.1299.0004;PEQUENA;SOUL NATURAL;1;1;1;0
INVERNO COLEÇÃO 2;A.50018.1306.0003;PEQUENA;PRETO/PRETO;1;1;1;0
INVERNO COLEÇÃO 2;A.12030.0001.0028;FECHADO SALTO RASTEIRO;TRUE SAND;8;8;9;-1
INVERNO COLEÇÃO 2;A.03274.0012.0233;SANDÁLIA SALTO RASTEIRO;SOUL NATURAL;8;8;9;-1
INVERNO COLEÇÃO 2;A.50011.0723.0009;PEQUENA;FRESH RUBY;3;3;4;-1
INVERNO COLEÇÃO 2;A.50023.0929.0001;GRANDE;PRETO;2;2;3;-1
INVERNO COLEÇÃO 2;A.50011.0631.0025;PEQUENA;PRETO;1;1;2;-1
INVERNO COLEÇÃO 1;A.13065.0021.0020;SANDÁLIA SALTO RASTEIRO;PRETO/CROMADO;12;12;0;12
INVERNO COLEÇÃO 1;A.13666.0032.0001;SANDÁLIA SALTO BAIXO;PLATINO/SOUL NATURAL;9;9;0;9
INVERNO COLEÇÃO 1;A.13666.0032.0003;SANDÁLIA SALTO BAIXO;PANACOTA/PLATINO;9;9;0;9
INVERNO COLEÇÃO 1;A.13239.0024.0001;FECHADO SALTO RASTEIRO;SOUL NATURAL;9;9;0;9
INVERNO COLEÇÃO 1;A.13065.0021.0023;SANDÁLIA SALTO RASTEIRO;PLATINO;9;9;0;9
INVERNO COLEÇÃO 1;A.02695.0715.0004;SANDÁLIA SALTO MÉDIO;OSSO;9;9;0;9
INVERNO COLEÇÃO 1;A.12899.0001.0001;BOTA SALTO MÉDIO;PRETO;12;12;4;8
INVERNO COLEÇÃO 1;A.13873.0001.0023;FECHADO SALTO RASTEIRO;SMOKE NUDE;9;9;1;8
INVERNO COLEÇÃO 1;A.13239.0024.0003;FECHADO SALTO RASTEIRO;FRESH RUBY;9;9;1;8
INVERNO COLEÇÃO 1;A.13239.0024.0004;FECHADO SALTO RASTEIRO;PLATINO;9;9;1;8
INVERNO COLEÇÃO 1;A.14033.0001.0002;FECHADO SALTO ALTO;PRETO;8;8;0;8
INVERNO COLEÇÃO 1;A.13873.0001.0007;FECHADO SALTO RASTEIRO;PRETO;12;12;5;7
INVERNO COLEÇÃO 1;A.13036.0001.0028;FECHADO SALTO RASTEIRO;CIOCCOLATO;12;12;5;7
INVERNO COLEÇÃO 1;A.14081.0001.0004;FECHADO SALTO ALTO;PASSION RED;9;9;2;7
INVERNO COLEÇÃO 1;A.10253.0436.0002;FECHADO SALTO MÉDIO;PRETO;9;9;2;7
INVERNO COLEÇÃO 1;A.14052.0004.0003;BOTA SALTO MÉDIO;SOUL NATURAL;9;9;2;7
INVERNO COLEÇÃO 1;A.10377.0004.0002;BOTA SALTO BAIXO;PRETO;9;9;2;7
INVERNO COLEÇÃO 1;A.02695.0715.0001;SANDÁLIA SALTO MÉDIO;PRETO;9;9;2;7
INVERNO COLEÇÃO 1;A.03762.6723.0935;FECHADO SALTO RASTEIRO;PRATA VELHO;9;9;2;7
INVERNO COLEÇÃO 1;A.13825.0002.0001;FECHADO SALTO RASTEIRO;PRETO;8;8;1;7
INVERNO COLEÇÃO 1;A.14015.0003.0001;FECHADO SALTO MÉDIO;TRUE SAND;8;8;1;7
INVERNO COLEÇÃO 1;A.14059.0001.0002;BOTA SALTO BAIXO;SOUL NATURAL;8;8;1;7
INVERNO COLEÇÃO 1;A.13825.0004.0001;FECHADO SALTO RASTEIRO;PRETO;8;8;1;7
INVERNO COLEÇÃO 1;A.13466.0010.0002;SANDÁLIA SALTO MÉDIO;OURO;10;10;4;6
INVERNO COLEÇÃO 1;A.14052.0001.0002;BOTA SALTO MÉDIO;SOUL NATURAL;9;9;3;6
INVERNO COLEÇÃO 1;A.10377.0004.0016;BOTA SALTO BAIXO;SOUL NATURAL;9;9;3;6
INVERNO COLEÇÃO 1;A.10688.0031.0017;FECHADO SALTO BAIXO;PRETO(PALM);9;9;3;6
INVERNO COLEÇÃO 1;A.14052.0004.0002;BOTA SALTO MÉDIO;PRETO;9;9;3;6
INVERNO COLEÇÃO 1;A.10688.0031.0018;FECHADO SALTO BAIXO;TRUE SAND;9;9;3;6
INVERNO COLEÇÃO 1;A.11906.0097.0064;FECHADO SALTO RASTEIRO;PLATINO;9;9;3;6
INVERNO COLEÇÃO 1;A.13657.0012.0002;FECHADO SALTO MÉDIO;TRUE SAND/FRESH RUBY;8;8;2;6
INVERNO COLEÇÃO 1;A.11525.0054.0001;FECHADO SALTO RASTEIRO;PRETO;8;8;2;6
INVERNO COLEÇÃO 1;A.11906.0157.0004;FECHADO SALTO RASTEIRO;PRETO;9;9;4;5
INVERNO COLEÇÃO 1;A.11906.0097.0053;FECHADO SALTO RASTEIRO;PRETO;9;9;4;5
INVERNO COLEÇÃO 1;A.11879.0001.0001;BOTA SALTO MÉDIO;PRETO;9;9;4;5
INVERNO COLEÇÃO 1;A.13964.0024.0002;SANDÁLIA SALTO RASTEIRO;OURO;9;9;4;5
INVERNO COLEÇÃO 1;A.13657.0012.0001;FECHADO SALTO MÉDIO;PANACOTA/PRETO;9;9;4;5
INVERNO COLEÇÃO 1;A.13426.0003.0024;FECHADO SALTO RASTEIRO;MILITAR GREEN;8;8;3;5
INVERNO COLEÇÃO 1;A.13239.0027.0003;FECHADO SALTO RASTEIRO;PANACOTA;8;8;3;5
INVERNO COLEÇÃO 1;A.14015.0003.0002;FECHADO SALTO MÉDIO;NEW COCOA;8;8;3;5
INVERNO COLEÇÃO 1;A.11336.0001.0011;SANDÁLIA SALTO MÉDIO;PRETO;8;8;3;5
INVERNO COLEÇÃO 1;A.13239.0027.0004;FECHADO SALTO RASTEIRO;PLATINO;8;8;3;5
INVERNO COLEÇÃO 1;A.13657.0014.0001;FECHADO SALTO MÉDIO;PRETO;8;8;3;5
INVERNO COLEÇÃO 1;A.13964.0023.0003;SANDÁLIA SALTO RASTEIRO;PRETO;8;8;3;5
INVERNO COLEÇÃO 1;A.11525.0054.0002;FECHADO SALTO RASTEIRO;TRUE SAND;8;8;3;5
INVERNO COLEÇÃO 1;A.13825.0002.0003;FECHADO SALTO RASTEIRO;NEW HAZELNUT/AMARETTO;8;8;3;5
INVERNO COLEÇÃO 1;A.11906.0097.0072;FECHADO SALTO RASTEIRO;PASSION RED;8;8;3;5
INVERNO COLEÇÃO 1;A.13594.0021.0001;SANDÁLIA SALTO RASTEIRO;SOUL NATURAL;6;6;1;5
INVERNO COLEÇÃO 1;A.14080.0001.0001;FECHADO SALTO MÉDIO;CARAMELO;12;12;8;4
INVERNO COLEÇÃO 1;A.12016.0082.0086;SANDÁLIA SALTO RASTEIRO;MILITAR GREEN;12;12;8;4
INVERNO COLEÇÃO 1;A.13964.0024.0001;SANDÁLIA SALTO RASTEIRO;PRETO;12;12;8;4
INVERNO COLEÇÃO 1;A.11906.0097.0071;FECHADO SALTO RASTEIRO;SOUL NATURAL;9;9;5;4
INVERNO COLEÇÃO 1;A.10253.0001.0334;FECHADO SALTO MÉDIO;SAILFISH;9;9;5;4
INVERNO COLEÇÃO 1;A.11906.0157.0002;FECHADO SALTO RASTEIRO;SOUL NATURAL;9;9;5;4
INVERNO COLEÇÃO 1;A.13466.0011.0002;SANDÁLIA SALTO MÉDIO;SOUL NATURAL;9;9;5;4
INVERNO COLEÇÃO 1;A.13569.0077.0003;SANDÁLIA SALTO RASTEIRO;FRESH RUBY;9;9;5;4
INVERNO COLEÇÃO 1;A.10281.0340.0003;SANDÁLIA SALTO ALTO;PLATINO;9;9;5;4
INVERNO COLEÇÃO 1;A.02695.0719.0003;SANDÁLIA SALTO MÉDIO;PRETO;9;9;5;4
INVERNO COLEÇÃO 1;A.13657.0012.0004;FECHADO SALTO MÉDIO;PRETO;9;9;5;4
INVERNO COLEÇÃO 1;A.13901.0003.0029;SANDÁLIA SALTO BAIXO;SOUL NATURAL;9;9;5;4
INVERNO COLEÇÃO 1;A.13692.0006.0020;FECHADO SALTO BAIXO;PRETO;8;8;4;4
INVERNO COLEÇÃO 1;A.13967.0008.0001;SANDÁLIA SALTO ALTO;FRESH RUBY;8;8;4;4
INVERNO COLEÇÃO 1;A.13757.0001.0013;FECHADO SALTO MÉDIO;TRUE SAND;8;8;4;4
INVERNO COLEÇÃO 1;A.13964.0023.0002;SANDÁLIA SALTO RASTEIRO;FRESH RUBY;8;8;4;4
INVERNO COLEÇÃO 1;A.14052.0001.0001;BOTA SALTO MÉDIO;PRETO;8;8;4;4
INVERNO COLEÇÃO 1;A.12017.0001.0001;BOTA SALTO BAIXO;PRETO;8;8;4;4
INVERNO COLEÇÃO 1;A.13692.0003.0005;FECHADO SALTO BAIXO;SOUL NATURAL;8;8;4;4
INVERNO COLEÇÃO 1;A.13117.0023.0002;FECHADO SALTO RASTEIRO;TRUE SAND/FRESH RUBY;8;8;4;4
INVERNO COLEÇÃO 1;A.13757.0001.0001;FECHADO SALTO MÉDIO;PRETO;8;8;4;4
INVERNO COLEÇÃO 1;A.13701.0022.0005;FECHADO SALTO ALTO;STRACCI;8;8;4;4
INVERNO COLEÇÃO 1;A.14076.0001.0002;SANDÁLIA SALTO ALTO;FRESH RUBY;6;6;2;4
INVERNO COLEÇÃO 1;A.13345.0001.0007;FECHADO SALTO RASTEIRO;BRANCO;6;6;2;4
INVERNO COLEÇÃO 1;A.13901.0003.0031;SANDÁLIA SALTO BAIXO;PRETO;6;6;2;4
INVERNO COLEÇÃO 1;A.13657.0008.0003;SANDÁLIA SALTO MÉDIO;SOUL NATURAL;6;6;2;4
INVERNO COLEÇÃO 1;A.14049.0003.0003;SANDÁLIA SALTO MÉDIO;PRETO-BRANCO;6;6;2;4
INVERNO COLEÇÃO 1;A.14049.0005.0002;SANDÁLIA SALTO MÉDIO;NEW COCOA;6;6;2;4
INVERNO COLEÇÃO 1;A.13722.0001.0011;BOTA SALTO MÉDIO;NEW COCOA;12;12;9;3
INVERNO COLEÇÃO 1;A.10281.0340.0002;SANDÁLIA SALTO ALTO;SOUL NATURAL;9;9;6;3
INVERNO COLEÇÃO 1;A.10253.0001.0335;FECHADO SALTO MÉDIO;CIOCCOLATO;9;9;6;3
INVERNO COLEÇÃO 1;A.12743.0009.0007;FECHADO SALTO BAIXO;SOUL NATURAL;9;9;6;3
INVERNO COLEÇÃO 1;A.13900.0001.0004;SANDÁLIA SALTO MÉDIO;MILIATR GREEN;9;9;6;3
INVERNO COLEÇÃO 1;A.10253.0436.0022;FECHADO SALTO MÉDIO;SOUL NATURAL;9;9;6;3
INVERNO COLEÇÃO 1;A.13900.0001.0002;SANDÁLIA SALTO MÉDIO;PRETO;9;9;6;3
INVERNO COLEÇÃO 1;A.03762.6723.0980;FECHADO SALTO RASTEIRO;SOUL NATURAL;9;9;6;3
INVERNO COLEÇÃO 1;A.13940.0001.0017;FECHADO SALTO BAIXO;PRETO;9;9;6;3
INVERNO COLEÇÃO 1;A.13967.0008.0002;SANDÁLIA SALTO ALTO;PRETO;8;8;5;3
INVERNO COLEÇÃO 1;A.13346.0001.0005;BOTA SALTO BAIXO;NEW COCOA;8;8;5;3
INVERNO COLEÇÃO 1;A.14033.0001.0005;FECHADO SALTO ALTO;CIOCCOLATO;8;8;5;3
INVERNO COLEÇÃO 1;A.10055.0683.0064;SANDÁLIA SALTO MÉDIO;TOPO GREY;8;8;5;3
INVERNO COLEÇÃO 1;A.12754.0174.0002;FECHADO SALTO ALTO;NEW COCOA;8;8;5;3
INVERNO COLEÇÃO 1;A.13692.0003.0002;FECHADO SALTO BAIXO;PRETO;8;8;5;3
INVERNO COLEÇÃO 1;A.10613.0012.0005;BOTA SALTO MÉDIO;PRETO;8;8;5;3
INVERNO COLEÇÃO 1;A.13754.0005.0003;FECHADO SALTO MÉDIO;CIOCCOLATO;8;8;5;3
INVERNO COLEÇÃO 1;A.14082.0002.0003;SANDÁLIA SALTO ALTO;PASSION RED/FRESH RUBY;6;6;3;3
INVERNO COLEÇÃO 1;A.10281.0242.0061;SANDÁLIA SALTO ALTO;TOPO GREY;6;6;3;3
INVERNO COLEÇÃO 1;A.13457.0045.0001;FECHADO SALTO RASTEIRO;PRETO;6;6;3;3
INVERNO COLEÇÃO 1;A.13457.0045.0004;FECHADO SALTO RASTEIRO;SOUL NATURAL;6;6;3;3
INVERNO COLEÇÃO 1;A.10281.0242.0060;SANDÁLIA SALTO ALTO;BRANCO;6;6;3;3
INVERNO COLEÇÃO 1;A.14048.0003.0003;SANDÁLIA SALTO ALTO;PRETO/BRANCO;6;6;3;3
INVERNO COLEÇÃO 1;A.13345.0001.0006;FECHADO SALTO RASTEIRO;PRETO;6;6;3;3
INVERNO COLEÇÃO 1;A.14049.0005.0001;SANDÁLIA SALTO MÉDIO;TRUE SAND;6;6;3;3
INVERNO COLEÇÃO 1;A.50023.0964.0002;PEQUENA;SOUL NATURAL/SOUL NATURAL;3;3;0;3
INVERNO COLEÇÃO 1;A.43000.0746.0001;LARGO;PRETO;3;3;0;3
INVERNO COLEÇÃO 1;A.10253.0001.0336;FECHADO SALTO MÉDIO;TOPO GREY;9;9;7;2
INVERNO COLEÇÃO 1;A.13757.0004.0003;FECHADO SALTO MÉDIO;CIOCCOLATO;9;9;7;2
INVERNO COLEÇÃO 1;A.13761.0001.0003;BOTA SALTO BAIXO;SOUL NATURAL;8;8;6;2
INVERNO COLEÇÃO 1;A.13036.0001.0027;FECHADO SALTO RASTEIRO;TOPO GREY;8;8;6;2
INVERNO COLEÇÃO 1;A.13967.0008.0003;SANDÁLIA SALTO ALTO;PLATINO;8;8;6;2
INVERNO COLEÇÃO 1;A.12743.0009.0004;FECHADO SALTO BAIXO;PRETO;6;6;4;2
INVERNO COLEÇÃO 1;A.12757.0204.0001;FECHADO SALTO BAIXO;PRETO;6;6;4;2
INVERNO COLEÇÃO 1;A.13466.0010.0004;SANDÁLIA SALTO MÉDIO;OSSO;6;6;4;2
INVERNO COLEÇÃO 1;A.14048.0003.0004;SANDÁLIA SALTO ALTO;BLUSH MIST;6;6;4;2
INVERNO COLEÇÃO 1;A.14015.0004.0001;FECHADO SALTO MÉDIO;TRUE SAND;4;4;2;2
INVERNO COLEÇÃO 1;A.43000.0541.0021;FINO;PASSION RED;3;3;1;2
INVERNO COLEÇÃO 1;A.43000.0479.0007;FINO;PANACOTA;3;3;1;2
INVERNO COLEÇÃO 1;A.50029.0249.0002;GRANDE;CARAMEL;2;2;0;2
INVERNO COLEÇÃO 1;A.57100.2597.0003;GRANDE;TOPO GREY;2;2;0;2
INVERNO COLEÇÃO 1;A.50029.0183.0002;MÉDIA;ROAST CARAMEL;2;2;0;2
INVERNO COLEÇÃO 1;A.50029.0252.0001;MÉDIA;PRETO;2;2;0;2
INVERNO COLEÇÃO 1;A.50029.0252.0002;MÉDIA;ROAST CARAMEL;2;2;0;2
INVERNO COLEÇÃO 1;A.50029.0252.0003;MÉDIA;LIGHT PEWTER;2;2;0;2
INVERNO COLEÇÃO 1;A.50029.0184.0002;PEQUENA;ROAST CARAMEL;2;2;0;2
INVERNO COLEÇÃO 1;A.40011.0188.0015;NEUTRAL PEQUENA;PRETO;2;2;0;2
INVERNO COLEÇÃO 1;A.50023.0044.0157;PEQUENA;SOUL NATURAL;2;2;0;2
INVERNO COLEÇÃO 1;A.58100.0497.0061;GRANDE;NEW COCOA/NEW COCOA;2;2;0;2
INVERNO COLEÇÃO 1;A.50023.0953.0003;GRANDE;MILITAR GREEN;2;2;0;2
INVERNO COLEÇÃO 1;A.50018.1035.0007;MÉDIA;TRUE SAND;2;2;0;2
INVERNO COLEÇÃO 1;A.50023.0044.0121;PEQUENA;PANACOTA;2;2;0;2
INVERNO COLEÇÃO 1;A.50023.0729.0015;PEQUENA;STRACCI;2;2;0;2
INVERNO COLEÇÃO 1;A.50018.1034.0007;GRANDE;TRUE SAND;2;2;0;2
INVERNO COLEÇÃO 1;A.50023.0953.0002;GRANDE;CIOCCOLATO;2;2;0;2
INVERNO COLEÇÃO 1;A.50011.0884.0010;PEQUENA;SOUL NATURAL;2;2;0;2
INVERNO COLEÇÃO 1;A.50014.0480.0003;GRANDE;EXPRESSO BROWN;2;2;0;2
INVERNO COLEÇÃO 1;A.03274.0117.0049;SANDÁLIA SALTO RASTEIRO;MILITAR GREEN;12;12;11;1
INVERNO COLEÇÃO 1;A.13569.0077.0001;SANDÁLIA SALTO RASTEIRO;SOUL NATURAL;9;9;8;1
INVERNO COLEÇÃO 1;A.10055.1296.0002;SANDÁLIA SALTO MÉDIO;SOUL NATURAL;9;9;8;1
INVERNO COLEÇÃO 1;A.11336.0001.0015;SANDÁLIA SALTO MÉDIO;TRUE SAND;9;9;8;1
INVERNO COLEÇÃO 1;A.10055.1296.0001;SANDÁLIA SALTO MÉDIO;PANACOTA;9;9;8;1
INVERNO COLEÇÃO 1;A.13466.0011.0003;SANDÁLIA SALTO MÉDIO;PLATINO;9;9;8;1
INVERNO COLEÇÃO 1;A.13466.0010.0001;SANDÁLIA SALTO MÉDIO;PRETO;8;8;7;1
INVERNO COLEÇÃO 1;A.14015.0006.0001;FECHADO SALTO MÉDIO;PRETO-BRANCO/PRETO;8;8;7;1
INVERNO COLEÇÃO 1;A.13426.0003.0012;FECHADO SALTO RASTEIRO;FRESH RUBY;8;8;7;1
INVERNO COLEÇÃO 1;A.12030.0001.0089;FECHADO SALTO RASTEIRO;FRESH RUBY;8;8;7;1
INVERNO COLEÇÃO 1;A.13692.0006.0021;FECHADO SALTO BAIXO;CIOCCOLATO;8;8;7;1
INVERNO COLEÇÃO 1;A.14077.0003.0001;FECHADO SALTO ALTO;PRETO;6;6;5;1
INVERNO COLEÇÃO 1;A.13665.0006.0001;SANDÁLIA SALTO ALTO;OURO;6;6;5;1
INVERNO COLEÇÃO 1;A.13457.0042.0001;FECHADO SALTO RASTEIRO;PRETO;6;6;5;1
INVERNO COLEÇÃO 1;A.13896.0001.0002;SANDÁLIA SALTO MÉDIO;NEW COCOA;6;6;5;1
INVERNO COLEÇÃO 1;A.12016.0267.0003;SANDÁLIA SALTO RASTEIRO;NATURAL;6;6;5;1
INVERNO COLEÇÃO 1;A.13692.0014.0002;FECHADO SALTO BAIXO;NEW COCOA;6;6;5;1
INVERNO COLEÇÃO 1;A.13692.0014.0001;FECHADO SALTO BAIXO;SOUL NATURAL;6;6;5;1
INVERNO COLEÇÃO 1;A.50023.0964.0001;PEQUENA;PRETO/PRETO;3;3;2;1
INVERNO COLEÇÃO 1;A.43000.0479.0018;FINO;SOUL NATURAL;3;3;2;1
INVERNO COLEÇÃO 1;A.43000.0479.0006;FINO;PRETO;3;3;2;1
INVERNO COLEÇÃO 1;A.57100.2597.0002;GRANDE;CACAU BROWN;2;2;1;1
INVERNO COLEÇÃO 1;A.50029.0183.0001;MÉDIA;PRETO;2;2;1;1
INVERNO COLEÇÃO 1;A.50029.0183.0003;MÉDIA;TRUE SAND;2;2;1;1
INVERNO COLEÇÃO 1;A.57100.2498.0002;MÉDIA;CARAMEL;2;2;1;1
INVERNO COLEÇÃO 1;A.50014.0480.0001;GRANDE;PRETO;2;2;1;1
INVERNO COLEÇÃO 1;A.58100.0499.0052;PEQUENA;NEW COCOA/NEW COCOA;2;2;1;1
INVERNO COLEÇÃO 1;A.50018.0617.0009;MÉDIA;PRETO;2;2;1;1
INVERNO COLEÇÃO 1;A.50023.0016.0171;MÉDIA;SOUL NATURAL;2;2;1;1
INVERNO COLEÇÃO 1;A.50011.0884.0001;PEQUENA;PRETO;2;2;1;1
INVERNO COLEÇÃO 1;A.50018.0617.0054;MÉDIA;CIOCCOLATO;2;2;1;1
INVERNO COLEÇÃO 1;A.50018.1035.0009;MÉDIA;FRESH RUBY;2;2;1;1
INVERNO COLEÇÃO 1;A.50023.0614.0018;GRANDE;CIOCCOLATO;2;2;1;1
INVERNO COLEÇÃO 1;A.50014.0299.0128;GRANDE;SOUL NATURAL/SOUL NATURAL;2;2;1;1
INVERNO COLEÇÃO 1;A.50014.0300.0130;MÉDIA;PRETO/PRETO;2;2;1;1
INVERNO COLEÇÃO 1;A.50023.0954.0003;MÉDIA;MILITAR GREEN;2;2;1;1
INVERNO COLEÇÃO 1;A.40011.1060.0001;LOW MÉDIA;FRESH RUBY;1;1;0;1
INVERNO COLEÇÃO 1;A.40011.1060.0004;LOW MÉDIA;PRETO;1;1;0;1
INVERNO COLEÇÃO 1;A.50014.0481.0001;PEQUENA;PRETO;1;1;0;1
INVERNO COLEÇÃO 1;A.50018.1101.0016;PEQUENA;PLATINO;1;1;0;1
INVERNO COLEÇÃO 1;A.50018.1270.0004;MÉDIA;TOPO GREY;1;1;0;1
INVERNO COLEÇÃO 1;A.50024.0412.0001;PEQUENA;PRETO;1;1;0;1
INVERNO COLEÇÃO 1;A.50018.1264.0004;MÉDIA;PRETO;1;1;0;1
INVERNO COLEÇÃO 1;A.50014.0481.0019;PEQUENA;SMOKE NUDE;1;1;0;1
INVERNO COLEÇÃO 1;A.50018.1265.0004;GRANDE;PRETO;1;1;0;1
INVERNO COLEÇÃO 1;A.50018.1271.0004;GRANDE;PRETO;1;1;0;1
INVERNO COLEÇÃO 1;A.50021.0907.0001;PEQUENA;PRETO;1;1;0;1
INVERNO COLEÇÃO 1;A.50024.0412.0015;PEQUENA;CIOCCOLATO;1;1;0;1
INVERNO COLEÇÃO 1;A.50014.0483.0014;PEQUENA;SMOKE NUDE;1;1;0;1
INVERNO COLEÇÃO 1;A.50018.1262.0001;GRANDE;PRETO;1;1;0;1
INVERNO COLEÇÃO 1;A.50018.1269.0004;GRANDE;TOPO GREY;1;1;0;1
INVERNO COLEÇÃO 1;A.50011.1038.0003;MÉDIA;PANACOTA;1;1;0;1
INVERNO COLEÇÃO 1;A.50011.1043.0003;GRANDE;PANACOTA;1;1;0;1
INVERNO COLEÇÃO 1;A.50018.1101.0015;PEQUENA;SILVER;1;1;0;1
INVERNO COLEÇÃO 1;A.50018.1264.0001;MÉDIA;FRESH RUBY;1;1;0;1
INVERNO COLEÇÃO 1;A.50018.1267.0002;GRANDE;SOUL NATURAL;1;1;0;1
INVERNO COLEÇÃO 1;A.50023.0423.0096;PEQUENA;CIOCCOLATO/CIOCCOLATO;1;1;0;1
INVERNO COLEÇÃO 1;A.50023.0533.0137;PEQUENA;FRESH RUBY;1;1;0;1
INVERNO COLEÇÃO 1;A.50023.0533.0133;PEQUENA;NEW COCOA;1;1;0;1
INVERNO COLEÇÃO 1;A.50011.0895.0004;GRANDE;FRESH RUBI;1;1;0;1
INVERNO COLEÇÃO 1;A.50011.2024.0003;GRANDE;FRESH RUBY;1;1;0;1
INVERNO COLEÇÃO 1;A.50014.0300.0132;MÉDIA;FRESH RUBY/FRESH RUBY;1;1;0;1
INVERNO COLEÇÃO 1;A.50014.0480.0019;GRANDE;SMOKE NUDE;1;1;0;1
INVERNO COLEÇÃO 1;A.50018.0652.0001;GRANDE;PRETO;1;1;0;1
INVERNO COLEÇÃO 1;A.50021.1056.0001;GRANDE;PRETO/PRETO;1;1;0;1
INVERNO COLEÇÃO 1;A.50023.0531.0132;MÉDIA;FRESH RUBY;1;1;0;1
INVERNO COLEÇÃO 1;A.50024.0412.0014;PEQUENA;TRUE SAND;1;1;0;1
INVERNO COLEÇÃO 1;A.50014.0482.0010;PEQUENA;SMOKE NUDE;1;1;0;1
INVERNO COLEÇÃO 1;A.50018.1266.0002;GRANDE;SOUL NATURAL;1;1;0;1
INVERNO COLEÇÃO 1;A.50023.0412.0094;MÉDIA;CIOCCOLATO/CIOCCOLATO;1;1;0;1
INVERNO COLEÇÃO 1;A.50015.0604.0013;GRANDE;PRETO;1;1;0;1
INVERNO COLEÇÃO 1;A.03274.0117.0029;SANDÁLIA SALTO RASTEIRO;FRESH RUBY;12;12;12;0
INVERNO COLEÇÃO 1;A.13761.0001.0001;BOTA SALTO BAIXO;PRETO;9;9;9;0
INVERNO COLEÇÃO 1;A.13642.0092.0001;SANDÁLIA SALTO RASTEIRO;SOUL NATURAL;9;9;9;0
INVERNO COLEÇÃO 1;A.04599.0214.0006;FECHADO SALTO RASTEIRO;PRETO;9;9;9;0
INVERNO COLEÇÃO 1;A.03274.0117.0047;SANDÁLIA SALTO RASTEIRO;SOUL NATURAL;9;9;9;0
INVERNO COLEÇÃO 1;A.13701.0022.0004;FECHADO SALTO ALTO;NEW COCOA;8;8;8;0
INVERNO COLEÇÃO 1;A.13346.0001.0001;BOTA SALTO BAIXO;PRETO;8;8;8;0
INVERNO COLEÇÃO 1;A.13650.0029.0001;FECHADO SALTO RASTEIRO;CIOCCOLATO;8;8;8;0
INVERNO COLEÇÃO 1;A.14059.0001.0001;BOTA SALTO BAIXO;PRETO;8;8;8;0
INVERNO COLEÇÃO 1;A.04599.0214.0032;FECHADO SALTO RASTEIRO;CIOCCOLATO;8;8;8;0
INVERNO COLEÇÃO 1;A.14015.0006.0002;FECHADO SALTO MÉDIO;PANACOTA-CIOCCOLATO;8;8;8;0
INVERNO COLEÇÃO 1;A.13346.0012.0001;BOTA SALTO BAIXO;NEW COCOA;6;6;6;0
INVERNO COLEÇÃO 1;A.11525.0054.0005;FECHADO SALTO RASTEIRO;TOPO GREY;6;6;6;0
INVERNO COLEÇÃO 1;A.13807.0005.0001;SANDÁLIA SALTO ALTO;PRETO;6;6;6;0
INVERNO COLEÇÃO 1;A.10635.0010.0013;SANDÁLIA SALTO MÉDIO;PRETO;6;6;6;0
INVERNO COLEÇÃO 1;A.02695.0719.0001;SANDÁLIA SALTO MÉDIO;NEW COCOA;6;6;6;0
INVERNO COLEÇÃO 1;A.12016.0267.0005;SANDÁLIA SALTO RASTEIRO;NEW COCOA;6;6;6;0
INVERNO COLEÇÃO 1;A.13211.0021.0002;FECHADO SALTO MÉDIO;NEW COCOA;6;6;6;0
INVERNO COLEÇÃO 1;A.13807.0005.0002;SANDÁLIA SALTO ALTO;SOUL NATURAL;6;6;6;0
INVERNO COLEÇÃO 1;A.13901.0033.0001;SANDÁLIA SALTO BAIXO;OURO;6;6;6;0
INVERNO COLEÇÃO 1;A.03762.6723.0901;FECHADO SALTO RASTEIRO;PANACOTA;6;6;6;0
INVERNO COLEÇÃO 1;A.14015.0004.0002;FECHADO SALTO MÉDIO;NEW COCOA;4;4;4;0
INVERNO COLEÇÃO 1;A.50011.0723.0009;PEQUENA;FRESH RUBY;3;3;3;0
INVERNO COLEÇÃO 1;A.43000.0745.0002;MÉDIO;CIOCCOLATO;3;3;3;0
INVERNO COLEÇÃO 1;A.43000.0746.0002;LARGO;CIOCCOLATO;3;3;3;0
INVERNO COLEÇÃO 1;A.43000.0525.0044;MÉDIO;MARROM;3;3;3;0
INVERNO COLEÇÃO 1;A.43000.0541.0001;FINO;PRETO;3;3;3;0
INVERNO COLEÇÃO 1;A.43000.0525.0040;MÉDIO;PASSION RED;3;3;3;0
INVERNO COLEÇÃO 1;A.50029.0116.0001;PEQUENA;PRETO;2;2;2;0
INVERNO COLEÇÃO 1;A.50029.0116.0002;PEQUENA;LENHA;2;2;2;0
INVERNO COLEÇÃO 1;A.57100.2498.0003;MÉDIA;PANACOTA;2;2;2;0
INVERNO COLEÇÃO 1;A.57100.2597.0001;GRANDE;PRETO;2;2;2;0
INVERNO COLEÇÃO 1;A.50029.0184.0001;PEQUENA;PRETO;2;2;2;0
INVERNO COLEÇÃO 1;A.57100.2498.0001;MÉDIA;PRETO;2;2;2;0
INVERNO COLEÇÃO 1;A.57100.2608.0001;MÉDIA;PRETO;2;2;2;0
INVERNO COLEÇÃO 1;A.50029.0116.0003;PEQUENA;LIGHT MOCCA;2;2;2;0
INVERNO COLEÇÃO 1;A.57100.2608.0002;MÉDIA;WARM CARAMEL;2;2;2;0
INVERNO COLEÇÃO 1;A.40002.0946.0001;LOW MÉDIA;PRETO;2;2;2;0
INVERNO COLEÇÃO 1;A.40002.0946.0002;LOW MÉDIA;CACAU BROWN;2;2;2;0
INVERNO COLEÇÃO 1;A.40011.0277.0010;LOW PEQUENA;PASSION RED;2;2;2;0
INVERNO COLEÇÃO 1;A.50011.0670.0054;PEQUENA;MILITAR GREEN/MILITAR GREEN;2;2;2;0
INVERNO COLEÇÃO 1;A.50014.0299.0127;GRANDE;PRETO/PRETO;2;2;2;0
INVERNO COLEÇÃO 1;A.50014.0727.0003;GRANDE;FRESH RUBY;2;2;2;0
INVERNO COLEÇÃO 1;A.50021.1049.0001;PEQUENA;PRETO/PRETO;2;2;2;0
INVERNO COLEÇÃO 1;A.50021.1049.0005;PEQUENA;CIOCCOLATO/CIOCCOLATO;2;2;2;0
INVERNO COLEÇÃO 1;A.50024.0411.0001;MÉDIA;PRETO;2;2;2;0
INVERNO COLEÇÃO 1;A.50018.1034.0009;GRANDE;FRESH RUBY;2;2;2;0
INVERNO COLEÇÃO 1;A.50011.0670.0009;PEQUENA;PANACOTA;2;2;2;0
INVERNO COLEÇÃO 1;A.50023.0452.0081;GRANDE;FRESH RUBY;2;2;2;0
INVERNO COLEÇÃO 1;A.50014.0300.0131;MÉDIA;SOUL NATURAL/SOUL NATURAL;2;2;2;0
INVERNO COLEÇÃO 1;A.50023.0954.0002;MÉDIA;CIOCCOLATO;2;2;2;0
INVERNO COLEÇÃO 1;A.50011.0723.0049;PEQUENA;NEW COCOA;2;2;2;0
INVERNO COLEÇÃO 1;A.40011.0277.0001;LOW PEQUENA;PRETO;1;1;1;0
INVERNO COLEÇÃO 1;A.50018.1262.0005;GRANDE;SOUL NATURAL;1;1;1;0
INVERNO COLEÇÃO 1;A.50018.1265.0001;GRANDE;FRESH RUBY;1;1;1;0
INVERNO COLEÇÃO 1;A.50018.1271.0001;GRANDE;STRACCI;1;1;1;0
INVERNO COLEÇÃO 1;A.50018.1272.0001;MÉDIA;STRACCI;1;1;1;0
INVERNO COLEÇÃO 1;A.50021.1044.0005;MÉDIA;CIOCCOLATO/CIOCCOLATO;1;1;1;0
INVERNO COLEÇÃO 1;A.50023.0016.0134;MÉDIA;PANACOTA;1;1;1;0
INVERNO COLEÇÃO 1;A.50011.0896.0001;PEQUENA;PRETO;1;1;1;0
INVERNO COLEÇÃO 1;A.50014.0481.0003;PEQUENA;EXPRESSO BROWN;1;1;1;0
INVERNO COLEÇÃO 1;A.50014.0728.0003;PEQUENA;FRESH RUBY;1;1;1;0
INVERNO COLEÇÃO 1;A.50021.1041.0002;GRANDE;SOUL NATURAL;1;1;1;0
INVERNO COLEÇÃO 1;A.50023.0817.0003;MÉDIA;SOUL NATURAL;1;1;1;0
INVERNO COLEÇÃO 1;A.50018.0589.0054;PEQUENA;FRESH RUBY;1;1;1;0
INVERNO COLEÇÃO 1;A.50021.1041.0001;GRANDE;PRETO;1;1;1;0
INVERNO COLEÇÃO 1;A.50021.1056.0002;GRANDE;NEW COCOA/NEW COCOA;1;1;1;0
INVERNO COLEÇÃO 1;A.50014.0299.0129;GRANDE;FRESH RUBY/FRESH RUBY;1;1;1;0
INVERNO COLEÇÃO 1;A.50014.0723.0001;MÉDIA;PASSION RED;1;1;1;0
INVERNO COLEÇÃO 1;A.50018.1269.0001;GRANDE;PRETO;1;1;1;0
INVERNO COLEÇÃO 1;A.50024.0410.0018;GRANDE;TRUE SAND;1;1;1;0
INVERNO COLEÇÃO 1;A.50011.0895.0001;GRANDE;PRETO;1;1;1;0
INVERNO COLEÇÃO 1;A.50015.0604.0010;GRANDE;SOUL NATURAL;1;1;1;0
INVERNO COLEÇÃO 1;A.50011.1043.0002;GRANDE;NEW COCOA;1;1;1;0
INVERNO COLEÇÃO 1;A.50018.0617.0036;MÉDIA;FRESH RUBY;1;1;1;0
INVERNO COLEÇÃO 1;A.50018.1273.0006;GRANDE;SOUL NATURAL;1;1;1;0
INVERNO COLEÇÃO 1;A.50021.1042.0002;MÉDIA;SOUL NATURAL;1;1;1;0
INVERNO COLEÇÃO 1;A.50024.0410.0019;GRANDE;CIOCCOLATO;1;1;1;0
INVERNO COLEÇÃO 1;A.50024.0410.0001;GRANDE;PRETO;1;1;1;0
INVERNO COLEÇÃO 1;A.50011.0896.0004;PEQUENA;FRESH RUBI;1;1;1;0
INVERNO COLEÇÃO 1;A.50011.1038.0002;MÉDIA;NEW COCOA;1;1;1;0
INVERNO COLEÇÃO 1;A.50015.0645.0003;GRANDE;FRESH RUBY;1;1;1;0
INVERNO COLEÇÃO 1;A.50018.1281.0002;MÉDIA;NEW COCOA;1;1;1;0
INVERNO COLEÇÃO 1;A.50011.2025.0001;PEQUENA;PRETO;1;1;1;0
INVERNO COLEÇÃO 1;A.50014.0482.0003;PEQUENA;EXPRESSO BROWN;1;1;1;0
INVERNO COLEÇÃO 1;A.50014.0483.0003;PEQUENA;EXPRESSO BROWN;1;1;1;0
INVERNO COLEÇÃO 1;A.50014.0723.0002;MÉDIA;CIOCCOLATO;1;1;1;0
INVERNO COLEÇÃO 1;A.50018.1272.0004;MÉDIA;PRETO;1;1;1;0
INVERNO COLEÇÃO 1;A.50021.1042.0001;MÉDIA;PRETO;1;1;1;0
INVERNO COLEÇÃO 1;A.50021.1044.0001;MÉDIA;PRETO/PRETO;1;1;1;0
INVERNO COLEÇÃO 1;A.50014.0722.0001;GRANDE;PASSION RED;1;1;1;0
INVERNO COLEÇÃO 1;A.50018.1275.0006;MÉDIA;SOUL NATURAL;1;1;1;0
INVERNO COLEÇÃO 1;A.50023.0531.0129;MÉDIA;NEW COCOA;1;1;1;0
INVERNO COLEÇÃO 1;A.50023.0816.0002;GRANDE;NEW COCOA;2;2;3;-1
INVERNO COLEÇÃO 1;A.50023.0729.0010;PEQUENA;NEW COCOA;2;2;3;-1
INVERNO COLEÇÃO 1;A.50014.0482.0001;PEQUENA;PRETO;1;1;2;-1
INVERNO COLEÇÃO 1;A.50018.0589.0037;PEQUENA;PRETO;1;1;2;-1
INVERNO COLEÇÃO 1;A.50023.0816.0003;GRANDE;SOUL NATURAL;2;2;4;-2
INVERNO COLEÇÃO 1;A.50023.0817.0002;MÉDIA;NEW COCOA;1;1;3;-2
INVERNO COLEÇÃO 3;A.13855.0021.0003;FECHADO SALTO BAIXO;TRUE SAND;9;9;0;9
INVERNO COLEÇÃO 3;A.13791.0017.0003;SANDÁLIA SALTO ALTO;PRETO;9;9;0;9
INVERNO COLEÇÃO 3;A.12016.0275.0002;SANDÁLIA SALTO RASTEIRO;NATURAL;9;9;1;8
INVERNO COLEÇÃO 3;A.13791.0017.0002;SANDÁLIA SALTO ALTO;FRESH RUBY;9;9;1;8
INVERNO COLEÇÃO 3;A.12524.0048.0003;SANDÁLIA SALTO ALTO;PRETO;9;9;1;8
INVERNO COLEÇÃO 3;A.12754.0178.0008;FECHADO SALTO ALTO;CARMINE RED;8;8;0;8
INVERNO COLEÇÃO 3;A.12930.0099.0011;FECHADO SALTO MÉDIO;COUNTRY CARAMEL;8;8;0;8
INVERNO COLEÇÃO 3;A.13855.0021.0002;FECHADO SALTO BAIXO;CREMA WHITE;9;9;2;7
INVERNO COLEÇÃO 3;A.12524.0048.0002;SANDÁLIA SALTO ALTO;FRESH RUBY;9;9;2;7
INVERNO COLEÇÃO 3;A.12754.0178.0013;FECHADO SALTO ALTO;SAILFISH;8;8;1;7
INVERNO COLEÇÃO 3;A.12757.0210.0008;FECHADO SALTO BAIXO;SAILFISH;8;8;1;7
INVERNO COLEÇÃO 3;A.12754.0178.0011;FECHADO SALTO ALTO;COUNTRY CARAMEL;8;8;2;6
INVERNO COLEÇÃO 3;A.12930.0099.0008;FECHADO SALTO MÉDIO;CARMINE RED;8;8;2;6
INVERNO COLEÇÃO 3;A.12930.0099.0013;FECHADO SALTO MÉDIO;SAILFISH;8;8;2;6
INVERNO COLEÇÃO 3;A.14157.0001.0002;FECHADO SALTO RASTEIRO;ICED GREY-URBAN CUOIO/NERI BROWN;6;6;0;6
INVERNO COLEÇÃO 3;A.13400.0001.0007;FECHADO SALTO RASTEIRO;BRUMA/MULTI;9;9;4;5
INVERNO COLEÇÃO 3;A.12757.0210.0003;FECHADO SALTO BAIXO;CARMINE RED;8;8;3;5
INVERNO COLEÇÃO 3;A.12757.0210.0006;FECHADO SALTO BAIXO;COUNTRY CARAMEL;8;8;3;5
INVERNO COLEÇÃO 3;A.13466.0012.0009;SANDÁLIA SALTO MÉDIO;NEW COCOA;9;9;5;4
INVERNO COLEÇÃO 3;A.12016.0275.0005;SANDÁLIA SALTO RASTEIRO;PRETO;9;9;5;4
INVERNO COLEÇÃO 3;A.14155.0001.0004;FECHADO SALTO RASTEIRO;COAT BROWN/NERO BROWN;6;6;2;4
INVERNO COLEÇÃO 3;A.13400.0001.0006;FECHADO SALTO RASTEIRO;BRANCO/MULTI;6;6;3;3
INVERNO COLEÇÃO 3;A.47001.0003.0001;BLUSA;OFF WHITE GARDENIA;3;3;0;3
INVERNO COLEÇÃO 3;A.12016.0275.0003;SANDÁLIA SALTO RASTEIRO;STRACCI;9;9;7;2
INVERNO COLEÇÃO 3;A.46069.1033.0001;MEIA;GARDENIA/GARDEN/CAPPUCCINO/WHITECAP GRAY;4;4;2;2
INVERNO COLEÇÃO 3;A.13477.0024.0001;FECHADO SALTO MÉDIO;CARMINE RED;4;4;2;2
INVERNO COLEÇÃO 3;A.50014.0774.0001;PEQUENA;PLATINO;2;2;0;2
INVERNO COLEÇÃO 3;A.50014.0774.0002;PEQUENA;SILVER;2;2;0;2
INVERNO COLEÇÃO 3;A.50014.0774.0005;PEQUENA;FRESH RUBY;2;2;0;2
INVERNO COLEÇÃO 3;A.50021.1079.0001;GRANDE;PRETO/PRETO;1;1;0;1
INVERNO COLEÇÃO 3;A.50021.1078.0002;GRANDE;NEW TERRA/NEW TERRA;1;1;1;0
CICLOS;A.14146.0001.0003;FECHADO SALTO MÉDIO;FRESH RUBY;9;9;0;9
CICLOS;A.13211.0001.0014;FECHADO SALTO MÉDIO;HOT BRANDY;6;6;0;6
CICLOS;A.13211.0001.0005;FECHADO SALTO MÉDIO;MILKY WHITE;6;6;0;6
CICLOS;A.13346.0001.0001;BOTA SALTO BAIXO;PRETO;6;6;1;5
CICLOS;A.13346.0012.0001;BOTA SALTO BAIXO;NEW COCOA;6;6;3;3
CICLOS;A.13855.0019.0001;FECHADO SALTO BAIXO;SOUL NATURAL;3;3;0;3
CICLOS;A.12757.0207.0003;BOTA SALTO BAIXO;NEW COCOA;6;6;4;2
CICLOS;A.13734.0004.0005;BOTA SALTO BAIXO;NEW COCOA;6;6;5;1
REPOSIÇÃO GA;A.50024.0410.0019;GRANDE;CIOCCOLATO;4;4;0;4
REPOSIÇÃO GA;A.13650.0029.0001;FECHADO SALTO RASTEIRO;CIOCCOLATO;2;2;0;2
REPOSIÇÃO GA;A.57100.2597.0001;GRANDE;PRETO;2;2;1;1
REPOSIÇÃO GA;A.13873.0020.0002;FECHADO SALTO RASTEIRO;PRETO;1;1;0;1
REPOSIÇÃO GA;A.12030.0001.0126;FECHADO SALTO RASTEIRO;TOPO GREY;1;1;0;1
REPOSIÇÃO GA;A.13157.0001.0046;SANDÁLIA SALTO RASTEIRO;CIOCCOLATO;1;1;0;1
REPOSIÇÃO GA;A.11906.0097.0071;FECHADO SALTO RASTEIRO;SOUL NATURAL;1;1;0;1
REPOSIÇÃO GA;A.13457.0045.0004;FECHADO SALTO RASTEIRO;SOUL NATURAL;1;1;0;1
REPOSIÇÃO GA;A.12030.0001.0089;FECHADO SALTO RASTEIRO;FRESH RUBY;1;1;0;1
REPOSIÇÃO GA;A.13157.0001.0044;SANDÁLIA SALTO RASTEIRO;TOPO GREY;1;1;0;1
REPOSIÇÃO GA;A.12417.0001.0026;FECHADO SALTO BAIXO;STRACCI;1;1;0;1
REPOSIÇÃO GA;A.13701.0022.0004;FECHADO SALTO ALTO;NEW COCOA;6;6;6;0
REPOSIÇÃO GA;A.14059.0001.0001;BOTA SALTO BAIXO;PRETO;1;1;1;0
