Estação;Coleção;Pedidos;Comprado;Cancelado;Faturado;Valor faturado (R$);Chegou na loja;Vendido (est.);Sobrou (estoque);Sell-through %
INVERNO 2025;INVERNO 2 + MÃES;18;1969;317;1969;269671,03;1969;1807;162;92
INVERNO 2025;INVERNO 1;16;1328;254;1328;198686,63;1316;1254;62;95
INVERNO 2025;CÁPSULA;3;450;76;450;51158,63;450;403;47;90
INVERNO 2025;PRE FALL;5;382;60;382;59504,23;382;374;8;98
INVERNO 2025;ATEMPORAIS;63;291;12;291;25983,61;291;227;64;78
INVERNO 2025;REPOSIÇÃO GA;43;156;35;156;22905,68;156;126;30;81
INVERNO 2025;CICLOS DE REPOSIÇÃO;1;6;0;6;447,21;6;5;1;83
INVERNO 2026;INVERNO COLEÇÃO 2;34;2156;235;2156;266626,63;1756;1213;543;69
INVERNO 2026;INVERNO COLEÇÃO 1;23;1461;144;1461;199518,22;1376;1050;326;76
INVERNO 2026;INVERNO COLEÇÃO 3;11;208;17;208;32652,84;208;95;113;46
INVERNO 2026;ATEMPORAIS;48;197;10;197;17100,67;197;40;157;20
INVERNO 2026;CICLOS;5;48;19;48;7960,26;48;32;16;67
INVERNO 2026;REPOSIÇÃO GA;6;23;0;23;3522,17;21;11;10;52
