Categoria;Comprado 2025;Vendido 2025 (temporada);Comprado 2026;Vendido 2026 (temporada);Demanda prevista 2027;Compra sugerida 2027;Já pedido 2027
Sandália salto rasteiro;564;535;540;436;408;479;0
Fechado salto rasteiro;661;614;649;415;400;470;0
Sandália salto médio;790;693;485;313;374;440;0
Fechado salto médio;318;296;380;259;243;286;0
Fechado salto baixo;389;366;279;191;217;255;0
Sandália salto alto;281;255;218;162;169;199;0
Bolsa pequena;252;241;181;132;155;183;38
Bota salto baixo;140;130;209;174;142;167;0
Bolsa grande;197;192;152;120;125;147;12
Sandália salto baixo;194;170;184;122;111;131;0
Fechado salto alto;226;214;147;95;111;130;0
Bolsa média;109;105;153;120;102;120;10
Bota salto médio;77;76;164;132;101;119;0
Cintos;55;51;65;45;41;48;0
Bota salto alto;15;15;34;32;22;26;0
Acessórios;2;2;32;26;16;19;0
Carteiras;21;16;24;17;11;13;6
